seg_id,time_to_failure
seg_e1daa0,5.968152189050822
seg_6ed49a,8.545760877029684
seg_ba5e7e,3.5325118918847815
seg_1c929e,3.110486186500195
seg_1827c5,8.166077014241399
seg_7fac26,9.405371144034126
seg_41be7d,6.374349493590181
seg_d56d32,8.277395712216554
seg_e47d2b,3.84843280042096
seg_2597af,3.939402916873935
seg_e8b2b3,9.742644105393948
seg_c671f7,7.530947000387938
seg_93211c,8.625998023049654
seg_db606c,6.508234357538242
seg_12b9ba,7.186662833535274
seg_4eb127,2.603283860898523
seg_848695,2.8288372666052295
seg_e25aca,4.79587858495068
seg_fde767,4.709683057438124
seg_bc437b,6.19465841151394
seg_a31d6e,7.788481826492183
seg_fbe3c2,4.539635930086318
seg_e85f55,2.99741365609884
seg_ea0091,3.7807405243006227
seg_289d99,2.455888317905506
seg_31064b,2.59146078194984
seg_9fd9b8,4.946538142262376
seg_84a65d,9.41077353829516
seg_7428e7,7.511214207406351
seg_857304,2.6723450104573394
seg_6d4fa6,4.044460628267474
seg_4d0008,3.863885128687719
seg_a437cb,3.540072841541815
seg_065588,4.042998647340276
seg_607559,8.165139476009406
seg_00a37e,2.3088140787307125
seg_61219c,3.0642173649482167
seg_83ef67,9.728080512319004
seg_5cd98b,2.5157370731853157
seg_64be91,8.187893681583837
seg_8be76c,1.224712530741411
seg_45b051,1.6948377876971135
seg_24157a,6.913792373465113
seg_988e69,2.556697276272905
seg_166f70,8.927455664701831
seg_4fd191,2.6598172666304887
seg_05f126,8.182124323578892
seg_abb03a,4.5905383612084165
seg_301c1e,6.489661447418454
seg_986b6e,9.594604246836822
seg_3506d6,2.442544894610372
seg_bce305,4.631940890984472
seg_c6f533,3.3970965471528234
seg_705463,3.2912601196775713
seg_3b4414,3.1585460330086805
seg_335170,3.128703679236114
seg_65c4e1,6.089647924849613
seg_0968f1,7.287971848530878
seg_b8745c,8.92421009241627
seg_e24496,8.782400595822617
seg_7bec10,9.48001046020567
seg_46c6d3,7.149903580809497
seg_25b38a,8.255330017013225
seg_1ece48,2.2998992742700453
seg_6c909f,2.667313449155669
seg_24458d,5.3470695892966384
seg_85e90e,7.738987203648461
seg_fc57d4,2.34330943507474
seg_6b9511,6.221028597666365
seg_df8e0a,7.033125945355853
seg_929ded,4.847919981865724
seg_5407b0,2.905626301400345
seg_597bd6,7.094990872526001
seg_de4e1d,4.158676455392337
seg_ab4bca,2.4543121382909394
seg_9ab405,2.4936524192503207
seg_9ad261,4.2564009709126225
seg_1a791c,3.953419095112789
seg_ec973c,9.827247424487153
seg_f455bc,8.200996051887483
seg_b2b331,3.2507842259230038
seg_56e6f1,4.8036046353522845
seg_ae3d92,5.301722803928695
seg_71c9e9,2.511077991957024
seg_0fc67a,10.002388831596054
seg_1f1e60,9.541121558144532
seg_30501b,9.297419221110149
seg_44d3ca,2.8570502621634084
seg_8f1127,1.800258572071306
seg_dc6e94,3.0365806049970003
seg_184222,3.460072675536528
seg_be65f2,2.356952471826798
seg_d9a2bb,3.7788674536748155
seg_9940e8,9.385855648351832
seg_2c69e4,8.543239080701731
seg_36147d,2.709017122956165
seg_5467c8,8.295647903394318
seg_a86a05,6.434771300089766
seg_a05c22,2.2484411339928045
seg_419531,7.965426287188855
seg_eebbc2,4.4364119080509825
seg_a420d4,3.940028748930778
seg_84b9d9,4.318436841565936
seg_b88baa,8.049512098585211
seg_dcfb4b,9.299681160790243
seg_96fa35,4.8219462471870544
seg_ebec3e,3.2392523484932885
seg_620ee4,3.8055263413010683
seg_4ddddc,6.2531242316459394
seg_9ad925,8.664040522839853
seg_a5934a,8.196349751531534
seg_2fb672,8.519792581213057
seg_004f1f,4.0666036517982835
seg_0c74cf,2.3345734508573908
seg_836aac,3.8244088777450354
seg_f073e2,6.280923150858212
seg_bcf2d9,4.756491425327644
seg_d516e3,7.92396410807067
seg_2cadc0,6.530783646840369
seg_d39131,9.4816284118807
seg_65b962,4.033704941257367
seg_be4612,8.589547185710654
seg_ca44a8,3.38821664933302
seg_8777bd,9.88316145069878
seg_f7290f,3.57155290393897
seg_521a88,7.128429806261002
seg_78fc4b,7.960336967054786
seg_3c3ddf,2.921879975140024
seg_c01d9a,8.162695121526296
seg_55a0c3,5.866159582474669
seg_8e7fca,4.379180228095497
seg_ea4d3a,7.633813114617872
seg_8a8220,6.599732527743015
seg_741fc1,7.676952259676944
seg_83bef8,3.4449773591731243
seg_bd6f5f,9.891672219214728
seg_86e874,2.01622993079098
seg_fa9f00,4.1617891926791355
seg_b5a447,6.4303302675791425
seg_6c34c2,2.6914231101624315
seg_b52dac,4.28084966945844
seg_f322b1,7.178307401270084
seg_660fef,6.962521282341109
seg_d9190c,3.877205245640238
seg_0c8502,8.929138305972009
seg_b00f05,7.933256482787518
seg_b686e5,3.8126508000031993
seg_1f3d44,7.497115950569446
seg_48a80c,2.392434793769323
seg_5f355e,7.387277379281284
seg_8c6e34,2.4546098062183654
seg_b80366,7.930922937244937
seg_1562cb,9.702560207323035
seg_9dea8d,5.663134354281312
seg_17067e,5.095709795548427
seg_7ef97b,2.396546557575771
seg_2b6d52,8.168716200050788
seg_8310ea,7.697418818846176
seg_27ff17,4.463421038870989
seg_9caf50,9.107101398534441
seg_86720f,7.711386509043074
seg_b947ae,4.234374515589553
seg_461b63,3.830546485721745
seg_6c292b,5.951098183991913
seg_f22163,9.340192252240282
seg_a99be9,8.563664705605706
seg_df99d4,3.5213272109528817
seg_ee1cfc,3.799650961868227
seg_32e763,3.0499659043870775
seg_3fb24b,4.884475538133203
seg_4435bd,3.519950032933464
seg_e86f77,2.6967961658411372
seg_d29a4b,4.678406605692623
seg_bf7224,3.3696366875622243
seg_383f2e,7.973155021447587
seg_68102c,10.043131550436815
seg_b95010,3.1132159338554306
seg_0e4833,9.578200066875283
seg_ea05c1,8.53637580552991
seg_4ae37c,7.758024581232754
seg_27f532,9.070755797876918
seg_ea78c0,6.066125568053427
seg_efbf3e,6.049591334520644
seg_fe70c0,6.917333950520578
seg_6422d1,7.87902371649965
seg_b3883e,4.396961886975801
seg_e9aa44,8.51798242342567
seg_533613,9.005845585657605
seg_9ee0aa,8.61269630394431
seg_4c12b2,1.7043237381419338
seg_7d2535,2.843068993300376
seg_89885a,3.4954353986133238
seg_55d50b,4.338044783036
seg_93d864,5.346435640283858
seg_14c89d,5.2593555169232244
seg_77df38,7.953361062577425
seg_eee89d,3.4876079617360687
seg_703cea,7.9000186316798136
seg_4f48b4,2.0667086782188338
seg_9a81a3,6.576475106907687
seg_e6b236,6.717968555868439
seg_74ce61,7.80882504089375
seg_7cef95,7.844314368439326
seg_eefd4a,2.4295130595360748
seg_1eae76,4.179954098459668
seg_e50f16,10.197740005579625
seg_d795ab,8.08778160276326
seg_d7967e,10.2174881144152
seg_34a8f7,8.982918295241191
seg_4dfa03,2.3611240845339663
seg_075f77,2.3409794432031243
seg_7d994f,2.5590533880674333
seg_0e1fbe,2.340311860998376
seg_4a91a9,2.305753084048245
seg_bd31bf,5.008704872377263
seg_7b0936,9.545583285209547
seg_18f633,2.5292309277208274
seg_fc8fd6,2.548137474338992
seg_004ee5,3.542420408575133
seg_35c587,2.7972544220029816
seg_c0c0ed,4.8354566858989125
seg_80622d,8.663044297692975
seg_760d70,3.339511066237132
seg_7d65c7,8.388513337510274
seg_a6eed3,2.4544947949335123
seg_82d7b6,4.009329745994423
seg_0a42ba,8.909294105595968
seg_7ce9cb,5.129517272610349
seg_e4c15a,4.3283352757057045
seg_9a43ef,8.387977023656426
seg_78db0a,9.484549874163756
seg_588f61,2.884892517665788
seg_966f3d,3.703889119285284
seg_e3d751,0.2924888268448582
seg_425462,3.5882752975888614
seg_cf1371,2.2327566046450373
seg_71b975,3.150964490384434
seg_8cdf83,3.5358438011889097
seg_43383f,5.246623908493933
seg_0339ca,5.01715747570124
seg_762188,10.349053490703477
seg_70e891,5.475210934725642
seg_2e2372,6.275862364858699
seg_eb47a9,1.7934051431541322
seg_8d030a,4.424228779080504
seg_4c8db6,9.129990910138842
seg_5e668a,9.571156107369841
seg_a2d47d,3.9519519700917134
seg_ff2f2d,4.946756610445557
seg_268625,2.8020441737852746
seg_6f17de,2.0934559422090624
seg_91f664,3.7216264775517525
seg_45a8a9,3.1521988609739156
seg_63c983,2.713452000495929
seg_51f6fd,5.3667442322073935
seg_bd5022,1.8526930285974716
seg_280e3b,4.751411928853895
seg_507065,5.03809423013301
seg_a8bb2f,5.33151004348493
seg_ab2a78,2.2408239274643527
seg_84fc12,7.751840569487503
seg_b64c9c,8.581391814281906
seg_dcd9df,2.255835696409997
seg_130e17,2.9533641294839423
seg_610379,3.655660197179111
seg_1ebe6b,2.8708926664134746
seg_74fcfc,8.377550634366964
seg_94c48c,6.095795094560178
seg_75ffc9,6.375251031359845
seg_5b8c39,3.1581011845916938
seg_827804,3.7605092808959486
seg_585872,7.1661669638197365
seg_9a9041,7.3257861033879
seg_e8a2c4,5.123895570239202
seg_76f76d,5.003775111706173
seg_9f6315,3.2051555112049224
seg_0d663a,7.803344040387587
seg_2f5695,3.020988203105015
seg_6b3a9d,3.7574850201745384
seg_1db8e8,9.633815298620746
seg_122ba9,2.866233608127397
seg_f6f523,2.658060658632722
seg_41ab7e,7.0032964012028724
seg_11647f,2.17237021275446
seg_a47cce,8.761890986339344
seg_f6d51b,2.356018311682628
seg_13c2f0,4.332140579856439
seg_78852d,4.911951383076813
seg_f639cd,8.536315933602268
seg_29c906,3.441909800131593
seg_750d20,6.08909312130223
seg_b0a794,3.245354952870688
seg_b197e2,4.680279429823995
seg_ecdca4,4.092897544297197
seg_81c432,3.8438714861808556
seg_b6cb2b,2.969244356675655
seg_3661de,9.654359758143297
seg_a53e4c,4.655616054196389
seg_b36c8a,2.979666144209875
seg_dab0f9,6.955226967055758
seg_3f80ef,5.34706159329422
seg_77f9e3,3.3115606088127705
seg_2dc6ff,1.8795026286965253
seg_9e25e9,4.095863995989305
seg_07c815,2.9174872064049273
seg_7c2c48,2.9287782418190424
seg_3fdae0,6.949844916749088
seg_e3ca24,8.44484995110135
seg_4cb0d7,5.867184420794001
seg_5a242e,7.217184196894577
seg_8658b3,6.822435654028442
seg_aabc52,10.652783891809886
seg_3ae4d9,2.878736818754551
seg_725e84,2.6090209040756998
seg_730ebe,3.02930421889732
seg_b36650,3.6918556926515724
seg_fb00b3,9.765282869551836
seg_b78883,9.367416656916275
seg_c9f80a,3.903120546796694
seg_ff79d9,3.0516358780385917
seg_29e799,4.49427892191355
seg_a6bf91,6.962236482025252
seg_82316b,3.3957346494684324
seg_14c371,7.759257632129275
seg_d0f803,2.7878747923148524
seg_055127,5.328449640555993
seg_24c078,3.2026784802158095
seg_0536c9,2.429741380991841
seg_95f45e,7.835389241710839
seg_a3ab46,4.215750979880929
seg_53a5fd,6.100727008967275
seg_99f76c,3.166190714950418
seg_0dc38f,2.099302150412169
seg_beda44,5.407832403022743
seg_e15cb9,6.163276570143677
seg_643d1f,5.400690724827908
seg_f6c0cb,3.8492819729364074
seg_35b009,2.960763969903419
seg_ecf81b,8.247511595383198
seg_9b0439,7.020576737891161
seg_e2b8b1,9.719153957940982
seg_d7f015,5.7042693119181695
seg_7ddc30,10.364507050315195
seg_52636c,3.890658400244586
seg_68a484,9.42021654414919
seg_6ae32d,3.382720494048784
seg_29d4c6,9.8004780020892
seg_263fb3,2.049983970161745
seg_161aeb,7.052357851618151
seg_4f76a2,4.132724672963611
seg_adf94a,2.1272991172230307
seg_89d8a0,3.7114016256699913
seg_6f650f,10.071596851852467
seg_7fd3a3,3.2454599925298444
seg_f19f8e,7.995829351927558
seg_c654e7,6.142966240756229
seg_18096a,8.65166104441213
seg_885f53,8.653769446007084
seg_6153ca,9.716762475850613
seg_461ab5,2.25625884187527
seg_ddd206,7.14419922307227
seg_4b0839,2.5650176810088716
seg_4e0c4a,9.95613289646221
seg_9c6715,1.9635235027851856
seg_1abcaf,2.624159972583341
seg_6968c8,4.0255240283037095
seg_73ab4a,3.5883959661929263
seg_e60719,8.620727307120474
seg_5c0929,2.8166241370216403
seg_dad4f2,6.140913832701867
seg_d1a281,5.27951071644616
seg_19e1ff,6.161493474422598
seg_0042cc,5.800541371760226
seg_aae025,7.498958095859778
seg_b91011,6.219514969237827
seg_bf4ec0,6.4038798899101605
seg_05a1b0,3.357333526519839
seg_14c435,2.962623224344559
seg_5eb380,3.150610595696282
seg_d7a805,8.438957310698035
seg_8a6b0e,3.6247568265076917
seg_1a0e94,8.4264975320648
seg_8f592b,9.904532881688132
seg_d2ad9a,2.1263510098677867
seg_075340,3.417068252958411
seg_8a3306,3.3222636058139035
seg_1010ad,7.622812818904161
seg_77e7bf,2.9217757966307913
seg_e3b1f1,5.1711816260570025
seg_54af0d,1.8094765272373416
seg_07f37c,3.0755229290816155
seg_69a53e,6.215453262281611
seg_b9de03,4.156301613433305
seg_915b3e,3.7682319471503494
seg_dca2c2,9.535449857401527
seg_5d94b2,4.185228188559777
seg_6e7f73,9.611006755694884
seg_d36342,7.789425182419729
seg_3f3983,6.78872685482296
seg_d14524,4.490166772921178
seg_708349,9.392798723802848
seg_a03e6a,2.837390305493177
seg_071067,3.1283124453223987
seg_66b7c3,7.288637563624529
seg_6df48e,7.516132365385779
seg_4ad674,3.191157274307371
seg_95b321,2.9659586770757387
seg_75eb90,8.348928650117008
seg_20d9de,9.404357454809766
seg_cd9f9b,8.251243894750807
seg_2d427f,2.334468691544903
seg_311b5e,3.2749245197583305
seg_743775,7.691411701737498
seg_cd43b4,7.3344146375450725
seg_b31961,3.3565208356741367
seg_ebb79f,5.684280637478935
seg_2a6343,8.200300199155118
seg_7b3017,8.971571271536828
seg_63c13d,5.2843325916885195
seg_fe73b1,9.577848924765304
seg_ac45ae,8.014587405686678
seg_6d36a1,10.410715611670064
seg_6167f0,4.929348728951109
seg_8ebdea,9.592865002481457
seg_b26368,4.391387666331354
seg_9c8bc8,4.181108133556331
seg_c5dee4,1.5240232511216898
seg_6f9a98,6.9239197188680395
seg_d5f344,3.7491428188751255
seg_a39ebc,3.4532703116677474
seg_c15d21,7.849004855483186
seg_0f74a3,6.84011256780132
seg_c24946,2.6594356080347565
seg_1ef708,3.5527159263972354
seg_318135,2.7464792121388735
seg_74d58a,9.395198325274816
seg_8cf573,4.853057876475174
seg_460436,8.800482337256934
seg_7cbb45,4.852569864229954
seg_24c1c9,4.700363956341318
seg_da80c4,7.945556996932635
seg_cd2b34,5.707426471370181
seg_dd0b11,2.742262782645
seg_3d6aac,7.762747609018123
seg_ea8270,9.080039055727358
seg_a8e6df,4.6330325942951545
seg_d31583,8.913108569919
seg_bb92b1,5.2378121448488555
seg_e54932,8.385179610512758
seg_b4c040,2.75733333245517
seg_428d66,3.4317842509675165
seg_687a5c,2.470121702078183
seg_5c8ae5,5.2204643561468425
seg_3151ff,5.23653779250898
seg_3e55d5,3.156278988827792
seg_90ef18,9.371505343495125
seg_c65135,2.0968340433899235
seg_5e635a,2.9967676319697123
seg_006e4a,3.759759494260468
seg_0775a7,2.694497176504379
seg_180481,5.741946273599611
seg_195eda,5.73372899680351
seg_34abd2,2.360809559968035
seg_8599ec,2.4010213345158484
seg_b89e47,2.306283347501451
seg_00cc91,2.7038482699697624
seg_9a6025,5.906292737111472
seg_a8e71a,2.5656704092373905
seg_154361,8.026052055180388
seg_563059,7.556995711343728
seg_4fce5b,3.128946947235212
seg_08f441,2.745312008138623
seg_45e062,9.846223848078727
seg_3d059a,4.221417127749875
seg_5887a8,9.183815501138106
seg_75211e,6.792683857258369
seg_2e88dd,7.266917112093209
seg_fd374e,5.7540724093767475
seg_1ac9e2,3.961255609494435
seg_d6ea73,2.911884256771418
seg_0a0fbb,9.50392409758265
seg_970b35,3.7180931747764547
seg_a4208a,4.0988877227057126
seg_51865e,4.419005287768977
seg_920132,8.93129972067818
seg_b3cf21,4.729894052141379
seg_f1a771,2.071020477645235
seg_1c849d,6.143765194657644
seg_060ce4,3.053247930852189
seg_92be9f,4.355114694058687
seg_091c9d,9.231064879545972
seg_db4185,4.065556412180055
seg_4dbbd1,8.238667076973487
seg_2a4551,7.929399642651002
seg_1bf7b3,2.604915086017082
seg_cbfb19,6.964004204203281
seg_423ebe,4.275989139704326
seg_295b1c,8.231636595581602
seg_b7b098,3.8003872304696813
seg_8200d2,2.336890616131649
seg_48feba,3.3209953542889927
seg_03d63e,2.8986464456830277
seg_010eab,7.038370830159323
seg_00f3b9,2.275784734092774
seg_8515fd,4.202806851600663
seg_97ad82,7.42643291420039
seg_8c6d4e,3.64391803716
seg_0e8b79,9.242515177893642
seg_0879a8,9.287364348593142
seg_017314,7.644635577539019
seg_41aadc,5.978163581742806
seg_34ef79,4.463149067153809
seg_6074f9,4.359852574490367
seg_37bf85,2.630082129144784
seg_bf2d1f,9.09410355221791
seg_561cf4,2.2339320565409366
seg_c243a6,2.7519400251769386
seg_df8385,3.8555509577968006
seg_f7050a,2.180566391479199
seg_bf1294,2.279125665195351
seg_d90c5f,1.8661966609695537
seg_dceeca,3.532528714099166
seg_c08d36,4.4599959529810675
seg_fd19b8,9.983776749822027
seg_90c258,9.066668641506862
seg_a9089b,1.5011815285873689
seg_614b50,2.314676333460256
seg_e2c82c,3.3639486990307437
seg_4280d9,8.752278893302226
seg_73b0f7,8.362560292716765
seg_4c067a,5.011017162244501
seg_f229bf,6.468470941383306
seg_a80123,4.174828453683353
seg_c3f8d7,4.024064149685815
seg_2db7dc,4.676724326770094
seg_0aa0fb,7.480213523650529
seg_8f4781,3.4271793075208934
seg_8fc754,7.147491801825403
seg_04a696,7.955576782565167
seg_411225,2.4271159324999427
seg_15adff,2.7434565567089724
seg_0b082e,9.607307427025843
seg_079e34,3.405686847076397
seg_a4e745,8.817443100125862
seg_da7c3b,8.615421829818604
seg_75a878,4.920510110490268
seg_d35274,3.234059447400326
seg_509d55,3.033177047125653
seg_660fe1,2.4619670147004142
seg_16c3a7,4.340110747236374
seg_14d1d3,4.695068976051759
seg_6dac5d,9.471527160771153
seg_e481c7,8.118630773209661
seg_59eb97,4.452901900482004
seg_342ce6,7.94992116199313
seg_419b2a,9.330561965326702
seg_bce23c,6.522545191337343
seg_bc2186,5.302165954441233
seg_140bc5,2.7503763440043367
seg_29acb7,3.4919691638888373
seg_9d3013,8.731731463761708
seg_fbff25,2.4726877416884534
seg_5311d1,1.4666225828338713
seg_ac68bb,2.7617349668288935
seg_4d0041,7.323234801362832
seg_f6abc5,9.22374300803128
seg_1e0b82,8.924210172786795
seg_1d11e5,2.818258881713685
seg_06b8c9,4.4107660964904625
seg_6dd0fc,4.655688298699139
seg_ba3e74,3.722082159565631
seg_94a133,4.636651521939749
seg_aaa2ae,3.2535107219608452
seg_739679,2.8598348106333358
seg_d27193,3.7931393755695364
seg_287fef,3.830687947054678
seg_81bebd,7.761252964807527
seg_4a2525,10.178795849357247
seg_eea20e,7.728730350267662
seg_ad759c,2.0334313849747847
seg_c714d0,9.626697803527529
seg_65ef95,3.870013264795095
seg_c52ae6,2.1358674594239204
seg_c94941,3.0741427613968253
seg_2c3203,2.023255075123783
seg_377134,4.007832901536266
seg_f70b66,5.061257108229246
seg_2cdbe3,2.764857461070946
seg_7e3b3e,2.832422905631049
seg_1a671a,2.4779827565496793
seg_593c34,3.893387174360118
seg_0cf651,1.9091070540726331
seg_61f504,3.14596374284968
seg_3bb90a,3.729003549963288
seg_e3e762,8.483508910213152
seg_c8459f,9.443407434897777
seg_2fe382,4.552955122880833
seg_268249,5.81806452425242
seg_3db0a8,2.808509904801673
seg_f650cc,2.895328105994027
seg_bd2b0c,4.818955057467733
seg_f0181d,3.0348885669998724
seg_ef644a,5.760899291340124
seg_ca67ee,3.285000872834012
seg_c81e10,7.455426366696422
seg_92af10,9.996603603643546
seg_fad815,4.250365582088221
seg_d4ea17,7.300605677501472
seg_82c138,7.193794936256013
seg_25aa9f,9.168316716393202
seg_d6b198,5.739524037293244
seg_ef47c4,10.046406153601952
seg_3d581c,2.1536371914123906
seg_457234,10.317688850747638
seg_26edaa,8.199562427557154
seg_3a22ac,5.595228845818061
seg_93f935,2.7348221582654384
seg_2aa101,3.3092695318479515
seg_211486,8.976462314698775
seg_616c8b,9.975567185137571
seg_eccb17,1.8931905015363066
seg_2977cd,4.12128909527743
seg_3f3689,4.242964289475073
seg_32f6df,4.192158607397497
seg_812a50,5.2822253327603095
seg_aee9bf,3.334324747758497
seg_c60dca,3.635819732686899
seg_fcd32e,7.361167822644471
seg_21faa9,10.2464135032998
seg_4eeaef,2.78175939416947
seg_aed434,6.50985148972698
seg_ce5520,3.030012422729522
seg_30da11,2.446372951277008
seg_b08e9d,9.317747849607732
seg_f57ca1,9.157787347246716
seg_d40bb2,9.691254119899595
seg_5597ed,3.2072919064947807
seg_c0260d,6.359503337148211
seg_d1fbb8,9.552019527603273
seg_5f352e,2.4740547623257636
seg_41f45e,6.466623662606791
seg_434c96,2.6979009496284014
seg_c70fde,6.738723715864098
seg_1084af,5.153177052443894
seg_e6bd3f,3.1084159090771033
seg_1dec9c,10.518432416247014
seg_266805,3.1849789605951146
seg_1f9aed,4.817360009292319
seg_484901,2.6103415959876997
seg_6e98aa,3.423756296284903
seg_2642d0,4.01306764328401
seg_09f0ff,3.406759413637261
seg_eaa0ec,7.29280592210204
seg_715ff6,8.598349583041896
seg_ddbadc,8.449131324334848
seg_17adc0,4.062466115643124
seg_50e270,8.268069945209694
seg_1fe311,10.229544965200079
seg_7a9228,2.2130485725940585
seg_cacd0a,4.775446974112519
seg_87f6c8,8.166873695598833
seg_214492,2.409692159283983
seg_20b8d0,4.6471679736073686
seg_d062a6,9.20123480486837
seg_952faa,3.293997410670013
seg_5ef47e,6.127295240557376
seg_43c6f4,7.823682770575211
seg_a436bc,8.512401435757443
seg_dd780d,3.2214916938070353
seg_e13bd8,2.889849546794355
seg_54b0ee,7.0602636100209155
seg_95644e,5.884287961575032
seg_80211c,8.587949434618524
seg_f931de,4.2647201030905
seg_8fd465,2.90392270845455
seg_70b375,6.887312688343132
seg_df352f,2.6231129436272207
seg_b4cb44,10.175442303793783
seg_32fc4e,9.311055674901908
seg_7ed2dd,3.5121936669284026
seg_91bf8c,2.004409045936176
seg_ce5832,3.078483835739667
seg_b57e76,5.476855417260438
seg_946d9a,4.459314650877038
seg_d78093,3.0324916812944007
seg_3b7724,10.266027634328546
seg_103b32,4.108351244496968
seg_0a1bd0,5.859903860443094
seg_327ed4,2.1330468738517134
seg_afca81,3.774084634183269
seg_1e617a,2.4337623430174085
seg_304df5,8.957239264697566
seg_e8385f,9.313283986833328
seg_7ebdc3,2.9121404158337314
seg_8b39c4,8.064255749509847
seg_cc7e39,7.1270824637568415
seg_b7a8a1,5.220792235678232
seg_979a8f,2.7628438557518753
seg_fbce13,2.6366658070832494
seg_204dc6,3.0498223142976326
seg_25c8dc,7.220159492141019
seg_70fb30,10.09377538844945
seg_3aca44,2.2583559205951094
seg_e256bd,2.9186052463125014
seg_210388,5.492361545141319
seg_e53a52,4.217715385967228
seg_f0ce4a,3.205967051297525
seg_f9eea3,5.323099068704041
seg_4b4ffb,3.0929953938112766
seg_f52cdc,9.571506056272172
seg_ce46ba,2.2838997453120062
seg_339f80,5.595355293438947
seg_f3c578,3.1698256793791924
seg_f5406b,3.8901142508951807
seg_8324a4,7.306726519036441
seg_bcc8f1,6.043076169901921
seg_a56c04,5.137644036092015
seg_7a5243,4.345666454689558
seg_dcbe02,3.8873516981642338
seg_1815fe,7.342591311169309
seg_e40348,4.573574801665715
seg_f93ce5,2.4857440118902026
seg_3f99c8,2.4611287752637288
seg_b8fd73,9.940808502219038
seg_786ff6,6.734406615221901
seg_337b8c,2.88468981866686
seg_abeca6,9.034785082813514
seg_c550b1,9.322570903891231
seg_739fb0,2.8256775407034405
seg_bf4bf2,1.8986031380481696
seg_4b953a,2.336267386890935
seg_77db7b,9.664295352518485
seg_268956,3.2680927318650146
seg_72b68c,10.22587668903111
seg_591954,9.473001724480755
seg_310230,3.8366403279527708
seg_d83890,2.903846920773717
seg_b6bdaa,7.334469579049674
seg_09dd59,7.536184168225317
seg_343571,8.369657391038523
seg_74f330,2.7951146798472384
seg_b03de5,9.23798306417297
seg_6262c4,7.832870856477284
seg_0be6ee,4.0154757537831545
seg_6fb17f,5.435387222474812
seg_0e9987,4.097727178523454
seg_414d0f,5.734712954416699
seg_086a61,8.67204511027409
seg_572172,6.9835263698887005
seg_a69246,10.155566124814454
seg_42c4c9,4.672383613761732
seg_30661b,3.329018985171677
seg_c6f0a2,3.596511757298262
seg_316f86,4.536939456903973
seg_2f8e19,8.492108533179437
seg_61b50d,2.8312430643451156
seg_c047b7,4.320344447858296
seg_5b392b,3.0567494809764044
seg_3065ba,4.262360148470019
seg_0d833c,7.174756814265104
seg_876904,7.922531074288801
seg_f6bae8,5.483972642061725
seg_ca8389,3.7967450461626457
seg_586c0f,3.3776051862472025
seg_39ad50,1.8333795230911814
seg_a82229,7.488053102531561
seg_9cb464,4.561960388671735
seg_0d0250,2.9511078415493524
seg_b9619c,4.8825526071345635
seg_9d68cf,2.52300573459605
seg_ea096b,9.768476270347161
seg_bf58ce,8.442759040634332
seg_e1f081,9.543068800016153
seg_baa745,6.892306041423556
seg_170a0c,7.67894039412208
seg_18f853,4.497259477332675
seg_00be11,2.9688151304558015
seg_b735a5,7.998330144224667
seg_ba2c48,4.079244182670809
seg_f5d2dd,9.306104012253686
seg_70edf5,6.733357132820395
seg_be30ce,5.654367948684436
seg_1a8f2c,8.530678838920089
seg_1baf33,2.828453284342783
seg_3d06cc,6.310723688376439
seg_7c6c31,8.228046774919399
seg_b54024,2.1877968048118484
seg_abaad2,9.422722157562172
seg_0c9aa8,9.162357044189639
seg_e76e6e,3.726863654546633
seg_6b536d,4.57515092912001
seg_f7d792,2.109026064976269
seg_5d45db,6.591037168797019
seg_e64dfa,6.489520659261813
seg_d26f7d,9.41202073640286
seg_75e669,2.0252807053634667
seg_8f3dfe,5.798953195796236
seg_5bdb47,3.1705388441363342
seg_2ee95c,10.243669662129946
seg_9626a4,2.6441813273850863
seg_eba22d,8.62923955573659
seg_397983,7.217591661497502
seg_2bf5be,7.792779095621509
seg_3c64fb,6.508144292253939
seg_64daae,2.949656427489881
seg_df0df7,7.77897819100223
seg_81c1a6,9.939692429540344
seg_7c10c1,3.3768009325794797
seg_e00465,7.825280964791633
seg_b108c9,3.681398870464803
seg_5a947e,2.5667066282000444
seg_99f677,5.219935458912522
seg_c87c24,4.314919229833748
seg_87a67a,5.143880469251179
seg_ae42b3,9.607404976672454
seg_aa0180,2.8879692807050024
seg_807901,3.263137111474431
seg_bb6904,2.843040601284514
seg_3788c5,9.55705268606955
seg_99ccbd,2.257365087621518
seg_6cfb76,4.739895745440856
seg_5f7fd9,5.801074495169778
seg_7a9f2b,0.29691670476985815
seg_cedf3e,8.242076637606633
seg_655cae,3.0833260904913247
seg_325790,3.8293910477530897
seg_f11f77,5.910740181103509
seg_2be983,10.254332709157614
seg_4b8044,3.6962143796626354
seg_919a6a,1.8998442522043018
seg_a4ad7c,9.701111026628556
seg_aeeb31,2.2487065880852946
seg_c627fc,7.518456578764847
seg_634180,3.405826978398924
seg_b402ac,7.226144318042196
seg_0d762e,6.433837567201361
seg_26cba3,3.1238408145734753
seg_702e03,3.245860815892554
seg_8fb29e,9.41062003738894
seg_ebd77b,9.497523788321496
seg_9e61da,2.2869545856348834
seg_40f810,4.455336197618584
seg_a86231,4.791578230792099
seg_6a26de,2.2477277865331624
seg_e8ac98,2.6635004817284944
seg_f48db9,5.531090660148827
seg_b21273,5.206414911123338
seg_a16a1b,3.7418157816325577
seg_c35940,2.951504629107235
seg_7eb108,10.197870703572567
seg_7f786b,4.527138456152317
seg_b52710,4.073560125185086
seg_db6d5f,7.9599798598962135
seg_56e3e7,8.502572071645922
seg_c6b514,3.3787836842347807
seg_92310f,5.378171228740499
seg_24f338,1.9846717255447697
seg_94aa0a,7.339922232817881
seg_75e93c,3.3305504029226713
seg_0fca83,2.2254679305980325
seg_39a886,5.065398034150216
seg_bff392,2.661247420113793
seg_652cc2,4.312329815339694
seg_ea9d37,3.589350059675097
seg_5a67b5,8.28153311190911
seg_c666dd,4.135359614404246
seg_ecaef0,7.331639492243059
seg_79dc90,6.6947885246706615
seg_b87cf5,8.977937434855429
seg_10c09d,8.99324686613156
seg_ffbd6a,1.7333354706234256
seg_5f24d3,8.130853094599393
seg_05bef4,3.1210534610912286
seg_456149,8.565135076304918
seg_661629,3.1818109581276546
seg_105cd9,2.02662925089933
seg_8a7201,3.5129128718752076
seg_3d9aa0,4.116703695023308
seg_bd629b,3.928043238629289
seg_247262,5.286814610239168
seg_32f72d,6.108590733393009
seg_b8b72f,4.422058460118628
seg_23323e,3.2679341768536405
seg_2916e3,9.259573205172295
seg_9872f9,4.629603779320628
seg_46a42b,2.783424385550824
seg_d9bb68,6.610623521381798
seg_92bd37,5.322409234560498
seg_cc4932,9.753317721716556
seg_9122aa,2.9033681125350226
seg_e3cf1a,4.375224734291756
seg_f579ba,2.6098559374875023
seg_57dd68,10.207280983275163
seg_0eb333,3.4554460264730356
seg_65f01e,8.883849943639756
seg_1fa983,3.6390207047782637
seg_53e645,5.56414689981795
seg_76e914,5.053515584753009
seg_e5b510,3.2652248242703843
seg_f48363,3.2986482219747657
seg_8dfd7a,1.4042611912639817
seg_049957,9.261051073671952
seg_d5dbc1,2.957324377016389
seg_259c63,4.030249204279593
seg_f61b0e,6.060573640784557
seg_c07b7c,4.109218242921809
seg_e9a09f,2.0072803511941704
seg_04ae38,4.611223906934556
seg_23b123,10.318505822904635
seg_58d52d,9.007362810662658
seg_04ee93,8.35120219035845
seg_330579,3.5901153763182228
seg_c44bbc,3.221604543216099
seg_de225c,9.815623208957584
seg_d24095,8.073267386781632
seg_ae9761,8.846545104764887
seg_6be48e,3.172079673050403
seg_6e5a38,1.9732531346971973
seg_fb9b2e,8.038952126417895
seg_ef9105,9.584154409059309
seg_016cdb,4.590564055096214
seg_c1fe9a,2.543427844605914
seg_d2a533,5.998590560023511
seg_3a1600,3.2234740317150274
seg_e90c0d,5.129292967038701
seg_818382,5.283561049693435
seg_9a92db,5.118596213364436
seg_b7da0a,3.410371798097185
seg_c267a5,3.7636654037772432
seg_136285,5.785013579125539
seg_81f798,2.70268278305819
seg_137f8a,8.328907294956165
seg_9c00d7,9.448651198182993
seg_fd9ac1,3.829421454284748
seg_74d8cc,4.963013681719021
seg_d89369,2.8176658121184364
seg_4d5a4a,2.5438044210120654
seg_b66b87,3.6797715738520416
seg_a11dd5,2.2797641134430706
seg_83f928,8.956714838573443
seg_cbcce9,6.093853349274745
seg_762be4,4.044402578343064
seg_546864,9.162597748021568
seg_77bf79,3.112319180517118
seg_7012af,8.44352903804971
seg_922990,4.409234783432196
seg_d320f5,4.309871651823787
seg_a14212,3.960974252662569
seg_9ae1a1,9.762644597401032
seg_f1f5b9,4.776731862901874
seg_0d434c,9.912232247259315
seg_de8180,2.422331380841189
seg_31631c,7.14930167395809
seg_750e7e,8.63721787147953
seg_d42c77,6.801119815385729
seg_59de0b,1.5840978037488327
seg_3d19fc,3.7048871342780196
seg_9a1a4f,4.060125218381762
seg_d5df41,7.203082190916265
seg_28fc32,8.226227888627482
seg_52c139,9.82816860414151
seg_758ca4,3.1133060301511364
seg_e30ef5,2.0775343891883793
seg_ad3cf0,2.7864887658002666
seg_724df9,0.2919728758630206
seg_af959f,8.57509646356155
seg_264c7d,8.803154434523004
seg_63d651,3.103670226484573
seg_37f3fb,2.282165910874815
seg_b13fb9,3.1843234104749745
seg_734a88,7.557309835117535
seg_a39fa8,9.374385108366699
seg_04cceb,8.450396051076662
seg_40b3aa,1.9157292003094932
seg_3f2086,9.327121406636248
seg_e3dafa,10.156590176472301
seg_679dd2,7.7090678789741105
seg_e6e24e,6.5516830727817394
seg_1cb942,10.02193835991664
seg_8f6284,2.4252057244729857
seg_0c1d3a,3.795662212668236
seg_d3f967,3.654861282711824
seg_86892f,2.239899487755513
seg_cf25d2,4.347908305480465
seg_a6c5cc,2.5367667991571743
seg_e217fc,5.894580243655429
seg_e8ad6b,3.9614949967285775
seg_10a595,4.296487150530699
seg_9d6ff0,2.605906407055926
seg_ceb942,2.4889875198132767
seg_87e4e8,3.584281048444322
seg_3d1cb3,4.798768329620808
seg_686edc,6.365076646173936
seg_24ba8d,4.61132814149317
seg_4c3a2b,9.158302716299875
seg_0dae4b,3.368099722437477
seg_76f3f2,9.320416904024423
seg_f003ca,8.40069858805626
seg_a00985,5.779029177613192
seg_b3d886,3.0973571884543967
seg_98c44d,3.105735518353427
seg_75438e,5.209981554395684
seg_f383fb,4.35121357256649
seg_e1468f,7.882616292845467
seg_a7b454,3.152085565927555
seg_0981f3,3.421210325569418
seg_d36055,9.818335863344002
seg_c22bd4,8.957947581528273
seg_812962,3.603636691087843
seg_cfed24,2.9734923625565535
seg_5ad847,3.70815894552562
seg_b47c19,6.620453266865943
seg_c5325c,9.289315080749137
seg_26a2a0,0.290908284783678
seg_e5c033,6.937030040297369
seg_a41c2c,6.643482042152741
seg_82303e,3.4735801370091166
seg_c21d60,4.832526973990072
seg_23c947,2.7680419351335046
seg_373a04,6.369980762015961
seg_67aa76,4.879606477180177
seg_0df75c,9.628375821649843
seg_5bfbf0,3.9343415782780315
seg_ad591c,8.451450374426642
seg_cdf88e,2.2822855734137786
seg_813aab,3.1364448710414226
seg_b1b95e,3.6417936738205032
seg_ee2781,7.718822288820069
seg_578e84,9.056980916325303
seg_23bdf9,5.982423751832859
seg_695380,2.5255516852202775
seg_fa4df0,4.205636818510974
seg_d9ce67,1.9777222741648872
seg_ddc800,8.566052604178545
seg_d32f8a,4.689648651407104
seg_263deb,2.52129173464101
seg_2f86cd,4.310469882319137
seg_0a97c4,4.770362589535918
seg_8f5589,7.28544504680728
seg_c81fec,4.024959001485437
seg_af6204,4.4641090345609795
seg_d1a8b3,2.5418861560760986
seg_a0a423,2.3584862965966265
seg_c6f9c2,3.440291083433362
seg_a5fbcc,4.439400548958025
seg_03d386,2.1722930974685126
seg_71f571,3.595418529728551
seg_8785e2,4.530172150291476
seg_136695,8.069295929218097
seg_2d402d,2.7626822915315334
seg_f8dd7e,5.227218842492595
seg_945bc8,3.2171028193933497
seg_a1d8da,5.9729569111767455
seg_750c93,2.560270159048658
seg_b58542,4.07158880850837
seg_7bf143,2.5792783997375617
seg_c522f8,8.65334081400458
seg_7cb417,3.9724336000043308
seg_a49ccc,4.042699299861953
seg_4e627b,3.2106642333207733
seg_f97274,3.1611149922984105
seg_fb74f0,7.464472774850118
seg_50a667,2.0682267481849945
seg_ffe7cc,10.022515517374433
seg_7d718e,9.304392470719225
seg_440106,9.554410954769557
seg_3d6e79,6.150861520008954
seg_7480f4,9.092885102857824
seg_3adb1a,4.31108355983663
seg_d508db,5.0907815890909776
seg_2cac57,9.279823093714102
seg_83dc2e,9.634646829949482
seg_2396a2,2.6731450751648302
seg_95357d,3.819118498838779
seg_f77ee5,9.040278546906228
seg_864fcf,2.8017865008194875
seg_20cbac,1.9686625678586456
seg_07cd72,4.437382958771116
seg_376908,1.5931924806421278
seg_7949da,2.38074777777645
seg_735cdd,3.3314271977679035
seg_3ba485,9.40061634388455
seg_fe5945,2.4644529691916803
seg_d3d8fc,4.160539135488787
seg_20e9ad,2.8980332997553693
seg_229eda,7.359932937228133
seg_854d91,10.494687555144518
seg_e86ed1,8.457784510607425
seg_ee4ae5,1.7713024015215564
seg_c05a7d,5.603880827731829
seg_6ab188,6.564458298978311
seg_04fd93,6.7400381751168466
seg_a0979e,6.967468990120118
seg_922914,5.781227897686604
seg_e05de2,2.2248889763512345
seg_dcf242,6.192102299388589
seg_06bbc5,4.908141414472412
seg_d2cb02,4.587043202372809
seg_e742dc,9.13066443291368
seg_280863,1.8942083741904505
seg_9d1dbe,9.844647044073618
seg_447cb3,9.317656073626086
seg_6e12ee,3.075091924119879
seg_073696,9.326291501561826
seg_373ba6,2.8445940072039564
seg_acf2f4,8.948847962027918
seg_3a8a76,2.5183592971336464
seg_cacd58,4.759269558530592
seg_389906,8.458208988262333
seg_586726,3.945733217041985
seg_c509ff,4.8325403494811665
seg_2dfb91,2.4783772838756257
seg_cc4950,2.9649380968207635
seg_407b2b,6.211292794031732
seg_9757ac,9.617761696641233
seg_9df32d,3.738276441199167
seg_0a45a1,2.2086355739530927
seg_53498a,3.3734997463232155
seg_12ac20,7.351118418754986
seg_941759,7.528313591409889
seg_d328bb,2.919478170556688
seg_01c775,8.194593179531802
seg_a7561c,2.133632978811377
seg_659ff8,4.174663283310619
seg_74b3bd,7.902558231554073
seg_0dcc40,7.500810619157514
seg_6b9d02,3.5081953608799976
seg_f2ae5e,5.755242577068899
seg_68da94,4.020064775685265
seg_e6c973,8.266948946257854
seg_da21ee,10.67691634263752
seg_6dfab7,3.4481993594308222
seg_fc407c,4.815835087860274
seg_8a41bf,3.8372267380232072
seg_beb650,7.3732436300145645
seg_9802c3,5.949729725228079
seg_91cff2,2.2438757837113883
seg_158691,4.061555480101305
seg_c23429,4.506491138220093
seg_42ff14,8.58520718116479
seg_2883ec,9.384071659173184
seg_5cfba9,7.983012144314225
seg_6a116b,5.080504375316339
seg_d9352b,7.110236839113351
seg_36b77f,9.142595957905748
seg_8c0114,3.011682829549366
seg_1f5240,3.031120188612909
seg_8e5704,7.532347561204529
seg_d19980,7.818394501005967
seg_57ea44,2.354991999251698
seg_495573,9.401155706715354
seg_d1b91e,6.669816925054643
seg_b4f7a8,4.988843778160975
seg_392019,5.206178832925951
seg_ad949a,3.4647601462804647
seg_d1eee8,9.726365964306863
seg_266c6e,6.0428893882730375
seg_9d79d4,3.768386714178377
seg_16a270,7.1812639263808515
seg_b02e31,9.438333845736208
seg_6696d0,3.0073369509917884
seg_eabb2c,9.700372674444838
seg_168d1c,7.268646865777099
seg_79e301,3.499618938282723
seg_2465ce,5.489661841342736
seg_9bd388,6.67046391423808
seg_d5d3a1,5.128622102577907
seg_cd352f,9.155363273779274
seg_1d980f,2.7995547730322072
seg_2d3828,6.332046056828363
seg_57b6c0,4.945923434457336
seg_5e541f,2.5553700777983224
seg_c12d7d,10.089409432703635
seg_e9e65b,7.529450279541142
seg_4a9e6b,6.8612939555182155
seg_5a0479,5.740331278764804
seg_77c546,2.642399925072546
seg_3b95d2,9.362025333829651
seg_8d6578,2.2451706058287493
seg_b1a35c,6.355481957964833
seg_932828,8.958936565813826
seg_8c1e7d,2.549857819920967
seg_123dd4,8.558095323306699
seg_a68007,3.357537251158208
seg_4185b3,5.502938421006373
seg_8b798b,10.048793021335408
seg_cf9a49,4.691972044424841
seg_4e2c66,2.116280452845818
seg_bb5e15,2.4831629096505097
seg_b568c6,7.847752572946597
seg_a5f4dd,4.735824273311532
seg_c2b8f7,5.07918028970936
seg_e24f69,4.821229359957803
seg_093a0a,7.723530018698875
seg_db3fbe,8.437299718503098
seg_a80f6f,6.197150464560292
seg_f46cc1,3.647740319753308
seg_5cde88,2.3344055047145065
seg_c7b424,8.264328591631108
seg_038879,7.385268479195073
seg_c42952,2.4382006467976374
seg_59818b,7.603800821754065
seg_09ed4e,8.929182152360251
seg_76c2fa,3.4938875966969825
seg_b5aee9,4.500603152368339
seg_33c30d,2.4701574633261405
seg_bbbc30,3.7885188495219237
seg_71348a,1.9970781029001836
seg_fa6383,7.794856572541064
seg_a12acb,3.5109827713067934
seg_ced992,2.402947666972641
seg_e8bcde,3.272217448294685
seg_970e86,8.39678609555779
seg_17799c,8.114235288509256
seg_31a6cd,3.0747071747707073
seg_f056d8,3.4033490330095693
seg_b95a77,9.199801937639489
seg_53d818,2.755671807889301
seg_89791c,4.28389301364383
seg_2f60db,7.778924732391988
seg_bb6fcb,5.76221968573766
seg_25ab3f,4.594547727657162
seg_a173d8,5.244800569921385
seg_55a9a4,7.661498945990736
seg_5c57a8,2.8920165673260194
seg_bdae02,10.025079336815079
seg_0165c6,10.288560572833132
seg_9d452d,3.5653824897907276
seg_304581,4.22112674283631
seg_c73df6,3.3473594502103112
seg_f6cfd4,8.121651006854432
seg_b25dde,1.9714400619534227
seg_e40d64,8.065166369908093
seg_eb692c,10.977233434440462
seg_6de935,9.752635080916415
seg_a8685e,8.220191006567884
seg_ff7478,6.631412900683104
seg_8d135f,8.13259722088604
seg_983778,9.045026172068539
seg_bd00c4,3.514949668746375
seg_931244,9.358716153276022
seg_53caf1,8.426515095379578
seg_0c247b,8.094380654852854
seg_60ab20,9.78180280148013
seg_d740b2,8.107100617125104
seg_c472cf,9.020091950873196
seg_e37b8e,5.312226679462328
seg_b8141c,3.2556535142162173
seg_500108,3.9078416449784004
seg_c3836b,2.994471331547003
seg_be0dfa,8.23026225108481
seg_58ea74,9.460366293484984
seg_486973,3.2195792683253033
seg_2ba79a,2.232950093298557
seg_570d69,9.57375136161044
seg_c11828,2.3998794825060563
seg_8bf229,6.775470865501628
seg_7cdfe5,2.508527953415018
seg_d702b2,7.551262454245214
seg_c9481f,6.169436589584883
seg_72c307,5.905747862287457
seg_b44c2e,7.129608594056435
seg_c26fb4,2.1007079249904916
seg_b1fea8,3.863239151923918
seg_755d50,2.3702022059854073
seg_2bcbde,9.127829412248095
seg_73565e,3.808735090585884
seg_54d0f3,3.448462657633833
seg_9c090f,2.8084320782342105
seg_b91ae2,2.9505734190524096
seg_e7ced6,8.729141339287423
seg_c9831a,3.72473938735846
seg_914a62,2.9044220034631043
seg_f6e89f,8.045857693709792
seg_cc7a19,2.650412003548934
seg_41be18,7.5424170940122925
seg_4d53c2,9.436857790296381
seg_e59dca,8.281015665323325
seg_4ca6de,6.500282517987369
seg_3d1f2e,5.447017131059162
seg_51b68c,10.175166920035709
seg_899bf0,4.112949758700063
seg_c18d5a,3.6257321905978697
seg_89e207,4.623373646135965
seg_2e50fb,3.2510274283540608
seg_fdff11,1.9526629985520945
seg_b8bb87,9.081647062878872
seg_35a2d7,9.404787376457593
seg_ab9654,9.177309344797955
seg_abc5fd,8.332833452670702
seg_a3d4d6,3.3292121019105174
seg_35ee83,3.193102541346434
seg_d0598e,3.946252065184238
seg_82ce27,2.4843602896593278
seg_725772,7.903826597065008
seg_b77bf5,8.781461580056419
seg_bbb01e,7.6437522785682095
seg_e266f4,6.051082100831416
seg_8aeb99,9.453864474967633
seg_2bf9dd,8.269076631016144
seg_4d2671,5.7352036706755385
seg_c01a57,2.430053175715832
seg_37608b,4.548382757745233
seg_146926,10.209057577654812
seg_4b4c91,8.69452511587791
seg_86cfe9,9.021501872288983
seg_e98217,3.258252507458165
seg_27de37,6.9171740431002
seg_b51b7c,5.597066624863659
seg_d62e9c,2.412923201250178
seg_b5804a,2.7899137245707966
seg_d1abaa,9.65648361691267
seg_524b39,4.9974031807895285
seg_aee7c0,8.000805138061368
seg_12ee6e,4.638618585942064
seg_38ee24,4.502764589043364
seg_71936f,4.2328837393730465
seg_2e64af,2.9093173396005825
seg_8d5113,5.480323067404805
seg_49d84b,6.412766965266619
seg_afa4a1,8.5697827680487
seg_01ecb0,2.5804715219739647
seg_c41d1d,3.6951254315289326
seg_629822,4.059017019133549
seg_288001,3.9597164657921313
seg_eb0b19,8.758486688418628
seg_6d4109,8.574579816124983
seg_464839,5.879029389883538
seg_284923,9.86333874254674
seg_d78e7d,2.1970873872596997
seg_e8d02f,3.048765781616234
seg_c42490,4.0324841032438945
seg_0c12cc,8.972726573428519
seg_19b08e,2.5990560130017473
seg_f02d32,6.743035571274931
seg_da8b88,5.651335294936704
seg_31c0f4,7.494685958258239
seg_15c9f9,2.233576157844265
seg_1bd38e,7.264367407002201
seg_f865be,2.6721894296564708
seg_96cd5d,3.042454603987833
seg_683ddf,2.448890234783722
seg_f0574b,4.5144504558282215
seg_8866f0,2.5339974912207324
seg_ae32a6,6.007154929048064
seg_e30e44,2.8026383190161566
seg_2eccb9,3.1065591410324607
seg_3ec967,4.473554863589395
seg_a9f80e,7.694579831931816
seg_512b3e,8.830678142687338
seg_b253ee,2.297360430161595
seg_2b2cb3,7.085646567516882
seg_750244,6.5896152206031235
seg_58e9f9,8.93820283243787
seg_e0ce38,8.1407257514185
seg_d9dab4,8.902576834637888
seg_b853f8,4.830742330591811
seg_e49750,4.591662017737301
seg_0d6d68,4.126349814797355
seg_90bf60,8.93470568669049
seg_3b7175,4.853009204612758
seg_97a161,6.35834818801655
seg_59cd7d,2.7603609768313393
seg_c9e533,7.599346786376492
seg_80fb86,5.287291014545861
seg_7efdd5,7.505024159469399
seg_ed07b0,4.034480410933571
seg_6fc8b3,8.015903570002603
seg_6d6fad,2.6472403390488126
seg_85762d,6.588753265076399
seg_d27812,3.6644052045083786
seg_8dd2ab,2.814993884660857
seg_a50d28,10.194154585641277
seg_e5fbc1,2.1556210976900503
seg_d398df,5.576573634612257
seg_30b043,3.30531933221998
seg_ba4ea3,9.103402111892287
seg_1cf1b5,2.9267828184534803
seg_ada81a,9.052314142154042
seg_a58a6e,3.115966153501054
seg_566efe,9.616497944983
seg_5e8ef4,7.879273036753271
seg_0cdcc8,2.4184832627227983
seg_3bd97e,9.758726350947097
seg_8ce632,2.85239392207757
seg_7df3dd,5.978727032994846
seg_1e572b,7.855570936190363
seg_77ea14,2.9224992390911075
seg_acd715,10.530022061961606
seg_f60872,7.149863324330359
seg_7848f8,0.30200312069930974
seg_de98fa,2.3252519190795016
seg_046c28,3.153546431282332
seg_151d92,2.96491771784828
seg_2018c8,10.193316235602941
seg_76d16c,6.2614661629005
seg_d8014d,5.700696150147678
seg_a68ffb,7.416153155202504
seg_b23489,3.1451442553986575
seg_c186dc,2.9144010092258164
seg_0b07c7,5.071375233648821
seg_d41daa,7.904067876205109
seg_e197b8,5.459015380230977
seg_aa508a,2.5598557741856975
seg_a2986f,8.06783814570258
seg_9d2528,4.771465544269818
seg_bca500,6.043202978764215
seg_2d5544,3.363969595008811
seg_e4f203,5.835978131461784
seg_de9e32,9.085042030986914
seg_a31fe3,7.9484960564438385
seg_cf3825,0.6008672158021234
seg_dd8805,7.473201010479878
seg_4c65e6,7.799337026999453
seg_df45b0,6.987127200086585
seg_a5dea6,10.660579403579288
seg_aa7a4b,6.264690015673855
seg_a87e79,2.437306861924316
seg_59d484,4.117236444185953
seg_d37b05,7.7137544539980265
seg_e81b50,5.00039509464016
seg_b69455,9.423566302119756
seg_35ba8f,8.77814382881318
seg_d30a9d,2.781950347907255
seg_5965d8,5.2616371774912825
seg_42648c,2.761430081338825
seg_a45455,4.491745571504494
seg_01a8dc,4.37221452010343
seg_5fe414,3.4320231009398876
seg_dc73b8,2.4858376383419474
seg_814b1f,2.2161815708155848
seg_a133bc,3.7440452901765027
seg_5a1adb,4.476759881406865
seg_f6c928,8.915478775377364
seg_efb639,8.240646363301774
seg_d3992e,7.444232518403568
seg_7fa6ec,0.357855812802765
seg_2a0afc,6.1434107376321085
seg_9825e0,5.94516396428743
seg_eb32bc,2.060803043333116
seg_d4c763,6.811518681064843
seg_adf986,5.936535316932127
seg_324537,4.397168730420251
seg_947700,4.358160261067782
seg_1b78af,3.758393571786393
seg_115a92,2.218590074620524
seg_cc4199,9.504150808785838
seg_7211f1,6.4556314375020944
seg_47fed6,7.549375743973972
seg_bcfad6,5.002376947692256
seg_bf1a72,4.231759758458813
seg_5254ce,9.516921236144581
seg_ca2d1b,4.121323198793352
seg_69787a,6.522435791020495
seg_a35c82,8.094699381699606
seg_fbd66b,4.4820445957028
seg_ba1d68,3.0686484636682176
seg_9f57c4,7.947403583294935
seg_613702,3.704164986019631
seg_d247da,5.915731355316438
seg_29c772,5.969886082796144
seg_596ae3,7.236920827628027
seg_53fa13,2.9558732983804923
seg_1e677e,4.16256809366772
seg_60277f,4.432903170330587
seg_0e1370,2.6027582136851453
seg_e0c329,3.96755875336338
seg_9dcae1,7.028175562202735
seg_70991d,3.334627843140222
seg_53103b,3.511917167620225
seg_91607c,3.436078274987913
seg_492dc6,2.879074680870366
seg_462c1d,7.5634862654313775
seg_f9e4f2,10.690072245895358
seg_8c1cca,3.5821028642214587
seg_121446,7.9720269937999
seg_176542,7.713867284015221
seg_670bde,2.1810294354375923
seg_0b9ad8,8.399904860492322
seg_14ad27,2.60617359032819
seg_f4d644,2.5019541525102156
seg_b6c10d,6.885154790586153
seg_1f3ede,2.4744121767838174
seg_2ea616,4.411003989051366
seg_3319b5,8.414575966373018
seg_361f5a,9.732526329098945
seg_e09301,2.3017727201346587
seg_5bc0b0,7.747801532275919
seg_a96b47,3.4673907610113828
seg_1afa29,3.099348503610398
seg_0f8961,8.9455613558218
seg_5445bc,2.984009692701125
seg_cb0e21,9.73173442623107
seg_d85e2e,4.106185704210652
seg_946d71,8.60867857776508
seg_f99b64,6.618092480049371
seg_a6e99c,2.278863731116023
seg_0b3b94,5.148573907797618
seg_4587bb,7.328873525126943
seg_14f5f0,7.834006638856592
seg_ed52ac,7.4427567936448815
seg_1d044c,5.087895664472359
seg_9bee43,2.1465381693124255
seg_f2a20d,3.8788196342536194
seg_003339,9.504132268370348
seg_86d847,9.022861747969662
seg_1c904f,2.574210507129178
seg_64bcb9,8.584887708544398
seg_e20d76,5.271678057428683
seg_421da1,7.857118311896393
seg_6edcb8,5.714260199101503
seg_e66697,4.19216527472748
seg_e52f8c,6.152895928961294
seg_581fac,2.1675785242772334
seg_ec73d5,2.895475924084774
seg_fb1f5c,10.569510497011787
seg_92a5f1,5.055673132227382
seg_7d2e57,7.387179497386146
seg_78addc,8.779480704463777
seg_ef779d,3.4734472178439435
seg_32ad0f,10.35252427459546
seg_db3a95,4.07151934412287
seg_0ba585,3.0626974900899495
seg_c588c1,8.7530794980406
seg_08b136,8.29215955534773
seg_804fb5,7.473468808494776
seg_c90be5,10.383026173687146
seg_4c4995,6.020480829484598
seg_c5256d,5.239376459317119
seg_a674d2,8.566351828537215
seg_17d1ff,3.4944977480716486
seg_850d95,3.244955519708167
seg_523945,2.3661230530236548
seg_a35e7c,9.986195440415063
seg_304b87,4.605419649567104
seg_36e32d,9.164784524263192
seg_e72f10,7.652354707415551
seg_bb2d77,2.1287984057602243
seg_89f975,3.2391392469495677
seg_59058a,1.96067236976552
seg_077b7e,4.692380675976869
seg_d962cc,10.124676452910341
seg_fb9491,3.69330278335909
seg_a6cd86,5.1513666082705045
seg_a5271e,2.607954888087006
seg_b0f9cd,7.730452813571179
seg_4cb9c6,3.965512734598406
seg_7b5f90,6.55758882426505
seg_3cfb73,8.579589157849815
seg_868c85,6.054158065538422
seg_3b2013,2.9014949944713857
seg_f7de40,7.411772213358112
seg_7189ca,7.254947107656307
seg_85e9c6,7.78187667918991
seg_dc1cf0,9.262152797001269
seg_5759c9,6.711919530226389
seg_3bc9ed,4.956057356470218
seg_21eebb,5.061281345494092
seg_b20487,9.058351597591455
seg_be0cdc,2.9399814146599863
seg_961ddf,2.6591024050882033
seg_ce9f59,2.18676648406461
seg_2eddf6,9.323887105223006
seg_3706be,7.815964725502719
seg_b86ce1,3.9704480580822246
seg_4db886,8.529625445707273
seg_eacccf,3.3099889355077154
seg_70be4d,10.30470096875161
seg_38001b,2.0405971400648166
seg_9fc7c2,2.070637920605782
seg_759fb1,5.810578128399171
seg_9c3ef8,7.351118292242981
seg_7120ac,5.047266234718744
seg_c25855,9.643531383519592
seg_fedbd1,8.722636854554763
seg_1201e8,3.409108398663656
seg_0bb5fd,5.290774648185748
seg_9b7f93,4.898186821278772
seg_2ed79b,4.079557852186303
seg_03f380,2.661030593066217
seg_0d04b9,4.586895049676321
seg_4ba3d1,8.66262288017807
seg_5e0902,2.871870442158614
seg_feb312,7.111306146451027
seg_070bb0,2.61082126966072
seg_fdc1d4,3.4000521456022454
seg_22e509,3.116102305060274
seg_fb8af5,3.120980777788345
seg_9a812d,4.306573475441747
seg_d146a6,1.962560321015507
seg_d098df,8.125564405776494
seg_7b2994,3.567493497448008
seg_b4402d,8.095567696865773
seg_9a74d8,7.181017166339682
seg_3128e6,3.7933789987400375
seg_c21723,3.5796985884446717
seg_a63573,5.180388114245073
seg_cc2e9b,3.4974740011109313
seg_38ad16,9.978486240789945
seg_774ad2,2.7306178337259825
seg_5975f4,3.5496903386145617
seg_4e3bd7,1.7437779312531796
seg_148698,6.459678446789559
seg_00030f,4.406633774284222
seg_e5e238,2.679370978375753
seg_832a4d,2.821463508609295
seg_2dccec,3.108624648612748
seg_c01f63,7.783390572899787
seg_162fc4,7.263726480748742
seg_88a81d,4.070635590527291
seg_266d4e,4.990832630092646
seg_ceab44,6.107776597518476
seg_30207d,8.820879605186938
seg_430e66,6.578284604185195
seg_718b53,2.378420187056135
seg_20cc25,2.149130333265182
seg_c2a0c8,4.683379143861815
seg_f6828d,2.1168277951150927
seg_74235f,4.213899577227126
seg_a009e6,6.602914133113675
seg_dcb51d,3.972386798140612
seg_161f5f,4.161997071599332
seg_5ec0e3,7.995139465295443
seg_943de0,9.59899260492119
seg_2c762c,5.50781393713248
seg_ff4236,3.9255278727690572
seg_fa796b,3.4521464154164194
seg_c5abaa,7.606629824189
seg_e86e44,4.0560408854945615
seg_31ddc5,8.124818536532885
seg_10f3a6,2.4133736985163323
seg_170684,8.051491318949012
seg_cee7d0,9.597225655633087
seg_b378bc,2.5426710208748458
seg_c5064e,9.002358618858723
seg_ecf28d,7.415554049959298
seg_98f624,8.1027659599213
seg_6fd5bb,7.45341262189602
seg_2f9336,5.891327495116853
seg_60b696,4.562824471277351
seg_bee792,5.898701433290425
seg_826208,6.322674784380619
seg_4729a7,2.6771029463556792
seg_f3063a,7.006014618425085
seg_90ec68,8.804344979026993
seg_edda79,5.079382842567111
seg_6d01a3,8.175796171443608
seg_71238c,9.174854413381745
seg_72ebda,5.848565677164995
seg_3a80c5,5.199158946057001
seg_e7d1f8,2.7984787601756316
seg_b41d3c,3.1852406211227406
seg_eb1d6e,2.7614860845555564
seg_f734c8,8.73293335998281
seg_4eef28,8.421802251768495
seg_5639b3,5.367508702880199
seg_f2b0c5,2.3634371523140083
seg_f6e1ca,3.531656913749418
seg_fb76ca,5.636897709038577
seg_29d497,4.658097559204871
seg_502fab,7.186756261650257
seg_037461,2.79267778470329
seg_673c60,3.3752966370012736
seg_518b1e,2.135553106030157
seg_e6307f,8.467248094059084
seg_c9201c,2.273955154890828
seg_8fb0d0,4.55813104710775
seg_6eb146,6.703098772052667
seg_5924f5,4.5948695826000145
seg_9a7c46,4.701647874939073
seg_9a7d1d,2.162208610130134
seg_117278,3.94264078827559
seg_a1a511,1.6055292787342548
seg_758374,2.188736818496512
seg_517425,2.9017595241681478
seg_c703be,7.103011302459617
seg_455b16,4.052148654211711
seg_71b4e0,3.9564650118284064
seg_eb2e11,5.374146796745405
seg_836ef0,2.7759613663491365
seg_c365de,2.3353356970669568
seg_98be13,6.076069558696431
seg_397dc9,8.422637547824976
seg_f0db55,2.416266770335124
seg_2a0dc0,8.80529847554655
seg_0e9bb3,5.316947746350062
seg_326eb7,3.492890277588986
seg_b0cf32,10.443301360640218
seg_5f0a92,4.1886822665756895
seg_cdadb5,9.30654924003605
seg_4ea81c,2.751076729738054
seg_208ba5,3.1038750760265654
seg_a0646a,2.6093979862225885
seg_383b6b,3.3798394918000514
seg_ff0f1b,3.254093871214788
seg_5abfdd,3.349202605611091
seg_abb06a,5.894266163502521
seg_8bec6f,4.998389365924827
seg_ba9dbf,2.893644915504848
seg_f6f683,5.618709765318414
seg_a802fa,8.88226060019095
seg_8cd159,2.4524202997054605
seg_1a8f0d,3.3514721578798152
seg_e7d3e7,8.288387892887688
seg_96db5e,5.311490783423176
seg_c10a58,8.213459217053792
seg_dd4594,4.378539180873414
seg_14c054,9.054391794591876
seg_4743fa,10.29313069553227
seg_29475f,4.23571989536434
seg_ce7537,3.509221946002456
seg_395e0e,8.270701850784297
seg_6f3d90,6.182024822989922
seg_af703b,8.920575127786638
seg_0fd3ff,2.31688862556307
seg_6951e0,3.016889687368477
seg_643f86,8.89283256948165
seg_5255c0,7.8223225201543
seg_81a8ea,9.690259417643178
seg_be62ef,6.99397997827892
seg_a55a17,2.429478547761535
seg_4ce234,7.374383025452947
seg_c7a579,7.972153501474731
seg_8dcf3c,7.997608473961515
seg_4743ab,9.791744702377027
seg_4848e3,4.959543134582276
seg_355717,3.1990324026902655
seg_903aba,9.893188224038747
seg_3bf9ac,2.1045342128986118
seg_6681ee,2.295051896931765
seg_d9d0e4,4.579281124151826
seg_4c18e2,2.427954596600628
seg_77fe77,6.428413486008215
seg_3af649,5.1052179257168655
seg_9ca72e,2.732959639129612
seg_9bab11,10.473496585475953
seg_766e42,2.5917312753766377
seg_b284b2,2.3789055874214102
seg_5e020f,4.348511425819036
seg_b51380,9.238586952693671
seg_8c341c,7.881802451512744
seg_4d8f0f,3.633223263525795
seg_d1a2b9,2.936210775187521
seg_de3237,7.405099973076554
seg_afadfb,6.6760460171610285
seg_6c8a45,4.187624290569296
seg_1da819,2.7213272202588845
seg_ad3a44,2.8549858213478094
seg_e067ab,7.075056929060062
seg_2abd33,4.481099638906569
seg_fcb7d0,9.705895978216404
seg_88b289,9.88134091593943
seg_d0f262,4.95989917588685
seg_193404,10.133267248664
seg_4ae712,9.226767014643904
seg_0b76f5,7.461772259685605
seg_c20a27,6.049355478819105
seg_5765b6,7.884600266825229
seg_90e904,2.2222252389417094
seg_6da1ff,5.835872742864964
seg_709d08,5.5866440691312444
seg_bbf805,3.6665312764491933
seg_63582a,9.875513754888413
seg_57908c,3.6145248699798187
seg_ab644e,5.617915305297454
seg_740837,4.225205888898939
seg_447b8b,8.956159243954978
seg_2f9581,3.281079875858418
seg_69dbad,5.99491016624318
seg_218049,2.9051038520732986
seg_a5d37f,3.386269029310937
seg_c5fc3b,9.531740793274006
seg_49322d,7.492784528268161
seg_8456d3,3.4262140676015034
seg_e92526,3.8446485923533564
seg_d11ca8,8.315580935782592
seg_32d747,3.9614384394088082
seg_f2f5a3,2.4063256749386266
seg_476700,3.6370099193504726
seg_8344ee,3.2070293141225674
seg_2642d4,6.250229075410623
seg_957ece,3.395109251857329
seg_1a0eca,6.157998862423799
seg_8244bf,4.049095666082175
seg_3bfcf6,4.914393883855344
seg_f679c6,8.997132417458802
seg_c183e4,3.226150959145243
seg_5e1bba,5.942784474726369
seg_aa78e0,5.669664034654805
seg_ee7224,3.2090124385439154
seg_7e9eb7,9.474123088350144
seg_902bc1,7.073416217965961
seg_004cd2,7.0871772748118085
seg_bbfd4e,9.884910526847667
seg_c4af54,2.693576786492802
seg_d88da7,8.07758512628344
seg_8d6a7d,2.943823042920782
seg_fea3e2,7.06034057200776
seg_d6b546,7.576919128066971
seg_e5750a,9.909065675840893
seg_ae3388,7.835922675986802
seg_8773cf,2.7909975079431497
seg_fd8add,6.854840657197508
seg_311499,3.14670716348959
seg_552b8e,9.544144238214265
seg_e5deec,2.8091213204973355
seg_1eeb8f,3.8953386451394545
seg_d0c280,1.8858318613437821
seg_78d817,5.290830391172434
seg_0b9ba3,7.868489888225437
seg_9e7dff,3.857195149768753
seg_48b545,7.5128329522836514
seg_1ae362,7.854649908047388
seg_fbf17a,8.433651188724625
seg_0ba210,10.291560770988948
seg_cf646e,6.03725222993149
seg_934087,2.2239498821113357
seg_2b4959,5.106924405573055
seg_c11a4f,2.547705796023322
seg_91596c,7.511627292451433
seg_d661ce,3.085923223286087
seg_e80726,4.349186604209399
seg_c46ce6,2.6784469013829133
seg_fa34c7,8.825570911179106
seg_b52add,9.312461929941405
seg_a55540,9.29015581251922
seg_c47bdc,7.403432435723612
seg_83cb2c,3.0413255530353633
seg_c607eb,2.435867563963778
seg_d1ca05,8.664107999965342
seg_f21bf4,5.805351796901686
seg_986976,4.795681687751494
seg_739856,9.350401526986857
seg_31b808,6.971187652074271
seg_a99799,4.053103791386443
seg_08fd5b,4.536887287579722
seg_7540f3,5.895324760870744
seg_62a403,9.659499195789058
seg_b691c5,2.9926652535155815
seg_dc4698,4.698713525605937
seg_65fbac,8.39160091416554
seg_9d7490,4.346398279737613
seg_19ec5c,8.31561660191743
seg_790108,6.693435622632694
seg_8d3a9d,7.382639152743296
seg_4d0c45,6.814170834917577
seg_709b6a,9.80065912966285
seg_85fb0a,2.761641087146274
seg_25e76d,2.8249372050931725
seg_7a521c,3.430177383631214
seg_f6659e,4.2743706431287105
seg_511d25,7.584789012090001
seg_29a073,4.086323858077415
seg_31d763,5.558549047812179
seg_e14149,5.530436830639944
seg_c565bd,5.318595373222695
seg_c0e1b9,4.721442778235899
seg_ba0485,9.40072626179914
seg_9aa6e2,2.4837465627936375
seg_967ae4,8.412208517754781
seg_a9a820,3.019017285893022
seg_f1b916,2.680184521460294
seg_9f4fd4,8.34418080814902
seg_d014a3,9.825663763242828
seg_4e9646,5.417520263926368
seg_2099f4,5.133583382185319
seg_98c0b6,2.9795732655135665
seg_f43ab6,1.815897051533399
seg_f01368,5.371497708895504
seg_939f5c,6.61780747093634
seg_5495ca,1.9222818201841856
seg_c5c6ea,5.083538530933879
seg_d21eb6,8.500479527906604
seg_420d4e,8.384308897417432
seg_ef74dc,7.5077246424539785
seg_715e2c,7.428918139729107
seg_f618a8,10.219174559342484
seg_e71dda,4.237181571614547
seg_8c1760,8.500468269853569
seg_3e00cd,9.116864122052077
seg_dd699c,2.2701740885499775
seg_94ecad,9.400818973991187
seg_82456a,2.1783437142533373
seg_5559d9,2.9210411047453038
seg_0e3739,3.3166505676680047
seg_d9b162,5.00367384187572
seg_ba941e,8.28223240952035
seg_27b7c8,7.232720462354834
seg_f342a3,3.9995263828144885
seg_84c7fb,4.727750279127208
seg_241266,2.2948681040894767
seg_c62a06,3.586323737754785
seg_8bde47,8.582613886999798
seg_5d333e,9.213362689303478
seg_9485c0,4.15122216770895
seg_032822,2.8099644017206993
seg_b63de1,1.6440322129339462
seg_77dbe7,4.8218364393037385
seg_b2e045,4.652926071202438
seg_112b81,5.474115920303375
seg_d5b100,2.9820027431415737
seg_5d92af,7.031854722621043
seg_64be5d,8.57797029712384
seg_c5fc87,5.311615539285885
seg_ba98dc,2.546720048451562
seg_b0bf65,3.016924966306415
seg_2e71dd,1.9300143137645034
seg_80b9b4,7.228812671303469
seg_ee8f87,4.654940006223434
seg_e0cfd4,6.326349642808562
seg_f88d4a,3.7019023312310773
seg_950048,5.425633239346553
seg_35b753,4.915521482953606
seg_fcca66,3.806109100075844
seg_cc096e,8.824021580174156
seg_79c47a,3.7242078798840392
seg_87232d,5.496842286332208
seg_caa919,5.236843167274224
seg_9f12c6,4.489968485936993
seg_fdd50e,2.251704103106905
seg_48a4b3,7.074326497519994
seg_b42170,3.222823692574149
seg_bff05e,9.663725219886846
seg_8baeab,3.6186445891873937
seg_59cfdb,9.187114319585971
seg_9d57a1,7.273341564129023
seg_fd6340,4.833791866639233
seg_6e572a,3.3495807081114606
seg_ef27c8,2.8690786192647946
seg_51f0a2,3.452813141143487
seg_2a8351,1.946441684808673
seg_635770,9.079197493259668
seg_76b76f,10.308691207277322
seg_91eaeb,5.437351285848314
seg_f6a217,3.696469006503224
seg_490d6e,6.820457959827583
seg_7f5b6f,10.15314427294702
seg_b32d1d,3.552870044243785
seg_fe86f5,5.15782520257708
seg_c80857,0.29268348637891034
seg_1f7cf8,2.6376275947424546
seg_cd2b53,1.6991111949489968
seg_633651,4.671532269721099
seg_bc1d67,7.695509800742667
seg_8dd3ba,3.4480296562853017
seg_ca88e3,9.75891694978377
seg_75654d,3.5696502654102944
seg_4a9e8d,7.378529256910254
seg_4adeda,8.769611398728427
seg_4fa87d,8.986657846174847
seg_7020c5,7.410549738386168
seg_a18246,7.902117675351765
seg_6e12ae,4.736931776033783
seg_d36737,4.03836900284474
seg_a2c108,10.227942967898093
seg_94d150,2.815585331528625
seg_c60f1d,2.755444319670486
seg_32906d,2.6588661361619517
seg_0c89ce,5.792530881418903
seg_d56ae2,8.367626907090047
seg_9c2843,1.9794369186687935
seg_ab001b,4.120523103625434
seg_845a2a,9.474130662219425
seg_91fc29,4.142304149144703
seg_cd699e,4.870815183821464
seg_6c309f,3.254631252703143
seg_0dfe8c,5.171324549227092
seg_bfe0b6,8.99642456860383
seg_3452b2,3.5811803058678136
seg_179d90,6.568685925428607
seg_85c1c0,2.7535866932640323
seg_73858d,9.72611865682712
seg_1fc7ab,5.5782014431064955
seg_d60d18,4.8897805955112785
seg_35269b,10.003087445395536
seg_41a267,10.418756170962071
seg_2a2f1e,5.482522320632122
seg_23f823,4.041195102273061
seg_1e61d6,2.534666280781857
seg_9c635d,9.570462799947807
seg_a489e1,6.428259215576312
seg_530a02,8.89867610391774
seg_ee87e2,2.8573264802713294
seg_0125d9,5.1029906293802565
seg_f4ad4b,4.372567860357215
seg_3c8545,2.3571797475782725
seg_8d4965,6.4483910957557455
seg_7d17eb,8.80972547125322
seg_53bdf5,8.1520996185424
seg_c23641,3.771415633532463
seg_696621,4.665750071946818
seg_d4dec8,6.724437790411013
seg_55239a,3.5033467361879964
seg_555f63,3.4275104777584047
seg_cb806c,4.537860719523962
seg_1c4c5b,6.485900636227267
seg_efc5fb,9.778452690275184
seg_59e1db,7.474183689255815
seg_74ffde,5.8516745735883795
seg_e0f296,7.580771041317092
seg_658bf4,2.2331467047071514
seg_e1a9e0,9.765980829723745
seg_284223,6.677071634579765
seg_d2f588,10.232318940694032
seg_bdf84b,5.96333328686208
seg_517345,6.386118030413435
seg_dcee28,4.507494379275913
seg_efd9ec,8.507639746720347
seg_49fdf0,8.92960408604235
seg_dbc615,3.0990099829907725
seg_b9d8a0,6.6165761432313355
seg_3e87b4,3.894873027235779
seg_8a8375,8.021955840869232
seg_324447,7.050466656478561
seg_a6959c,8.42528982707293
seg_f66db1,7.947401035857627
seg_05e0d7,3.7105299496488806
seg_58e74b,2.0525081810336823
seg_5009d9,3.270393580208162
seg_e7ac12,3.8049128284275686
seg_abda04,8.192847790741629
seg_141f34,8.959467164541378
seg_0e3ed2,2.076675706895563
seg_3761d0,2.8378436737695028
seg_222c5f,3.0500084914118233
seg_257b8a,7.334762884527123
seg_2d92f0,9.696648643585192
seg_e3005e,2.274912192891449
seg_f0cedb,8.927518016856622
seg_72aba8,4.675868385295957
seg_78ded2,2.73323847715915
seg_a88dde,8.208658788646874
seg_478327,6.955659042003594
seg_75dc3e,5.456816507957125
seg_2efd5c,9.240452543053054
seg_f69c38,3.76533648853264
seg_ba83da,5.221233132126632
seg_b9ad7f,6.447491654037999
seg_816b7a,2.679955046871507
seg_746d1d,3.721868354776242
seg_23efb0,4.2318634110561035
seg_d07c62,2.8921262284893716
seg_7cd6b1,4.824126283608462
seg_ade769,6.347383658175392
seg_49b0cb,9.93882623533132
seg_9e3837,2.3997911602901048
seg_47d374,3.743406286649211
seg_5cfdc4,5.665418805366948
seg_570a20,4.95044998752673
seg_0cb81b,3.6733724133803505
seg_e877a5,5.446915894094294
seg_4acc4b,3.4610459116212238
seg_4ab7bf,9.298822640547913
seg_8dfc7e,2.3303303460024103
seg_f30b2f,7.4951289238218735
seg_cea185,4.721848228652645
seg_06d4a2,2.7075231027799513
seg_26049e,8.609710663204464
seg_8e7194,4.257673797304355
seg_d32f71,3.9222530747789595
seg_d693b0,9.633523928748152
seg_9d1b26,4.157114171710785
seg_8d4435,4.649487268892187
seg_27db4d,7.3762103482232435
seg_27a282,4.84220932768686
seg_e29670,3.615736620913334
seg_061a33,7.297897814890901
seg_468bc9,9.225970684666189
seg_1a8e06,3.018990617716065
seg_c7a3bc,2.647587649666987
seg_c7a401,4.019684596054662
seg_f86c41,4.059315745200301
seg_db90c0,4.407440131732128
seg_c27591,3.310858340563834
seg_2c5e9f,7.0046973183785015
seg_d7f53a,4.50215421715597
seg_dc5e63,3.3386002314109295
seg_cec2f2,5.453511773734477
seg_98ebaa,8.825391211869052
seg_7c88d1,2.3309839693055805
seg_5c9077,6.97271172279852
seg_c20c06,2.537617411378452
seg_9e8ca4,9.399748528139064
seg_cc2c46,4.750965713449568
seg_46dd7c,2.688168766367116
seg_1db443,6.1834144394972546
seg_ba3c47,3.2544201799732804
seg_f11620,4.928705095314264
seg_ff1a62,9.014863796280526
seg_2f8f6d,9.504054438493707
seg_0e3d44,2.937930238387933
seg_a93a88,8.2170641884883
seg_5090fa,7.547968166409614
seg_c0d7da,2.829301986969561
seg_217eed,2.4099446350079026
seg_a1edc1,3.6157575568480476
seg_5c530f,2.837194779095604
seg_16566c,5.272503142902842
seg_7f3ab0,4.090374651194056
seg_2dcd84,7.1323462429329005
seg_421a96,5.65940647597022
seg_05a4ad,7.472280574501977
seg_f741af,3.994560848251361
seg_7f93b2,3.010016214665908
seg_f96d5a,7.670703092638287
seg_7bb771,4.024534837920649
seg_60df2a,6.142039565580005
seg_dbf3f2,2.2545120152814424
seg_e9272e,3.697633935706845
seg_8fb828,7.967879428150958
seg_738be6,3.4704371728800605
seg_54490e,7.3483825665576115
seg_398a25,5.399265393050226
seg_d1045e,8.923213476427895
seg_ddddf0,3.255494218533576
seg_4d18f4,2.032138017546456
seg_d63175,5.568648844780323
seg_7a09ec,5.832593511370059
seg_b853c1,7.852791755868284
seg_4abc29,3.144604461263851
seg_ead30e,3.4043601430537733
seg_90a0be,2.690360059828412
seg_117ff4,2.8609192947468873
seg_8be2da,7.376407063943442
seg_e34052,2.835492828791974
seg_3cbccf,3.4337649757048183
seg_d59e4e,3.5771590322384887
seg_0bc877,2.9468266831576035
seg_b80358,7.875665497452611
seg_7d88e3,7.350396787514989
seg_63c518,2.423845216316779
seg_94d573,8.280972372828666
seg_2b372b,4.1552719487406495
seg_151368,7.726449022635798
seg_74b264,2.4294517223073813
seg_be811d,2.8156117043214866
seg_477c83,5.094495399837546
seg_753ba6,2.1434298012943365
seg_d7ab50,4.064259839219189
seg_f83d28,4.015872279384436
seg_03d680,8.821580151250442
seg_4401d8,7.590200401308883
seg_75c34b,3.5618646743353777
seg_d753f8,2.315692758177369
seg_f6b70c,8.089937578431934
seg_016913,2.5448635032842923
seg_3f5be6,4.6398507415418315
seg_d07ce8,9.711639781513659
seg_c0ea9f,4.0453387792387145
seg_025e78,4.387145489795798
seg_355d19,9.04357280237058
seg_004314,2.8465183563298195
seg_75cd6a,3.0907079469473286
seg_a247ac,9.649883566691114
seg_18d307,2.8980109870769453
seg_1cd352,4.990410559440951
seg_9f7542,9.1016968218538
seg_63130f,9.660028418122288
seg_827c07,3.3391124020716836
seg_1d596d,3.0864126921727584
seg_fde86d,8.58268389239953
seg_3edf51,2.4636990036090083
seg_b89218,6.8632419360661405
seg_6eedcc,7.816345496669725
seg_45838b,6.387525329750169
seg_0df469,3.384818570932963
seg_92b095,1.97797709960953
seg_0b54ac,3.0687330293723956
seg_6e1ee7,8.783665113961227
seg_f2cb5e,2.931888572507216
seg_e6e1df,2.112057321301478
seg_8353f5,9.271015033495086
seg_529be4,3.941969911469285
seg_592807,8.828767163857195
seg_fdba93,3.6386490038701726
seg_907c52,5.704172801365428
seg_650de2,2.454282380248989
seg_e48c23,7.66354657791524
seg_a25c46,3.5192717821704207
seg_692e7a,8.56672380059137
seg_d91492,7.26218189055398
seg_441c6d,9.051627764435345
seg_c5c455,2.061207018869433
seg_9c3d6a,8.187742568148957
seg_3878d0,2.916368969373056
seg_d3bb14,2.8690515281627254
seg_279725,10.240370812937677
seg_18fb65,1.8927510529174312
seg_31d7bf,2.5325428447155565
seg_007a37,4.518962637674585
seg_63c8e4,9.255703710552778
seg_853302,8.044329598661362
seg_9f042e,7.195461641405627
seg_00648a,2.8408067276983067
seg_18d1d0,2.7103635561617474
seg_d2db6b,4.157938417142378
seg_05b66a,9.461579976613203
seg_2383c2,6.589529545454321
seg_ed7741,9.749882895570222
seg_91f512,2.976797959544379
seg_04b87a,7.628734363631461
seg_d0c8e2,2.860492664482003
seg_72859b,3.4994001464908564
seg_ed7f69,3.1587160745109726
seg_f8db0a,3.3455579515396234
seg_651808,3.0394167358127038
seg_76106f,10.535559397478178
seg_ccdc28,1.9897781759626838
seg_890181,7.280826327324382
seg_7aeca4,6.93125563582211
seg_cf74e8,2.2073650499763624
seg_b9ec4b,4.248402785568417
seg_af1650,2.4164824778089833
seg_72858d,2.5076251329945958
seg_cd0691,2.6462274315645606
seg_a2fd8b,3.762789702825943
seg_64dcf0,6.618619375062603
seg_1969c8,8.989581368600982
seg_911066,2.8456276314085907
seg_96642e,3.5477261025460773
seg_56ebc7,3.1772113259164225
seg_66820a,4.8388977867630425
seg_a7d0eb,5.292751220334546
seg_f34877,6.781656779562348
seg_7c2beb,7.84998194514101
seg_dc188b,4.385713372136404
seg_bd7109,5.063317728574249
seg_c58ca5,6.647434422972327
seg_5165a4,7.266580077012423
seg_00c35b,8.21785716512255
seg_06d7ba,2.865438027160322
seg_8ab3a7,2.1683477282186434
seg_6f60b2,3.661173281047559
seg_2ece02,3.2862993743099653
seg_5c1a4d,2.8859065432809663
seg_9a1c76,3.2779177682872263
seg_39300d,2.524595637046246
seg_45e7ad,2.641805061752706
seg_aa1adf,3.717244618827186
seg_cc667b,2.7358025492472167
seg_9b7ef8,9.903918992041845
seg_c17817,2.745368160365693
seg_691a72,6.2119768923636265
seg_1b08a4,4.873766695522199
seg_6a05e7,3.2772984656855852
seg_0144cb,4.450876670765439
seg_45e4ed,2.815657892643393
seg_bd4d30,6.088078029920022
seg_ef24bd,3.267116037790594
seg_db3446,7.493645311231563
seg_37669c,1.616150256497178
seg_1e0523,2.9631527893444463
seg_eb7f91,5.076458854313164
seg_655ad6,7.884745892863026
seg_420bcc,4.614504329632523
seg_b7eeb6,7.304830345908532
seg_634f05,2.7088025415026347
seg_dc7e0d,2.611728161893137
seg_07f8df,3.5261421904973846
seg_272a47,2.496263217974084
seg_238242,7.184653430212169
seg_0cca14,3.540979600095861
seg_3b95dc,3.252967832651755
seg_114b79,4.823938073604026
seg_b50239,2.246719126189289
seg_e5f9ec,8.649945335164452
seg_a2e2c8,3.3561153806742086
seg_0ebfd9,7.561467228655618
seg_ab70bd,7.636563783763694
seg_293dbf,2.933942197832858
seg_b291c0,3.1229467163658517
seg_e9df42,8.334077449450954
seg_f71db8,8.409185856920232
seg_06893f,2.3483545991360786
seg_2a0ace,8.559056153939128
seg_b782c7,7.2820700398177065
seg_aa9b8e,7.789933061796703
seg_3865bc,3.2055732724767427
seg_c6c29f,3.7511083718851954
seg_a84c13,3.4553721884108475
seg_3340b9,3.9106856670530252
seg_db694a,5.56760727545982
seg_d356ab,3.9424766873942074
seg_a1e5b0,8.071645973991401
seg_0b48c4,3.257662914216581
seg_62c582,2.970211897731019
seg_ed3e4c,8.051667358513585
seg_138807,4.134526017611913
seg_69a230,3.685733023303089
seg_9c8162,4.9901620443020125
seg_00e5f7,6.1986777967226345
seg_1b1ad8,5.5346939391639705
seg_666056,2.58406266656376
seg_0b32f7,3.0671745954715504
seg_c106ca,3.515476751110009
seg_ec0e7b,7.4374565313523044
seg_a06228,6.389584683473753
seg_31d810,7.5470544809592255
seg_dc23c0,8.666896111599025
seg_83f89e,8.183384390359251
seg_a704ee,5.8223874451132165
seg_d71352,10.090139429462972
seg_98a819,6.829393446809535
seg_369570,4.28635841525026
seg_6ac82a,3.5801134678166457
seg_d86eb6,3.157843287249598
seg_f21a22,3.8969260590171633
seg_590fa5,5.232995494130006
seg_225320,9.637968038891986
seg_3fc7ca,8.163916078114234
seg_5147e1,3.9683681187473727
seg_2e9a47,7.143276363201233
seg_622e9d,2.672385889375964
seg_121cba,2.685795607026119
seg_cff594,2.4817263533574
seg_a975df,3.323652991182329
seg_70a60e,4.949770309972438
seg_8509db,2.386796015483683
seg_fb4c26,4.6747782894014165
seg_961d02,2.5660803661202274
seg_d35e50,5.292172669397524
seg_66ed4d,2.175618701637739
seg_f43730,7.028141795465375
seg_3cba49,5.191361761135347
seg_331f2b,9.866580480188183
seg_0c4e31,2.346921862824538
seg_42e7e8,4.039251966766565
seg_cf5764,4.774647593333558
seg_2313d1,3.836138184310248
seg_ce472b,8.592436640566158
seg_514543,3.792186170958139
seg_a91c03,8.030956198383436
seg_bf1430,4.718752486222149
seg_f80e44,4.80115649239553
seg_c5dada,4.987132856560521
seg_0870ab,4.575028690379576
seg_7c9433,5.250796012418369
seg_9ddc99,7.189279976272956
seg_e1f045,5.455486055544171
seg_aa98cc,0.2916636751033137
seg_8472f3,9.713700292211538
seg_43597f,3.6422126236284025
seg_482745,2.7743560484444507
seg_468fdb,4.388468909400887
seg_211299,4.988616554926831
seg_17e596,7.51583578496678
seg_aec276,8.367202193715208
seg_ce00bb,4.669661846347439
seg_3631ec,2.6947254326666403
seg_c146a8,5.855306305198631
seg_2dcd3a,4.377295508906087
seg_2c6011,4.18991793598385
seg_19b9dd,6.929554543543975
seg_46b84d,7.50967648736771
seg_d1cb37,9.233033580678619
seg_b35174,0.2916467250919139
seg_827a21,2.7934924351110744
seg_fa0ac7,6.224926124527742
seg_0f565c,3.8699811873172854
seg_2d7cc4,2.56774766668159
seg_6de4fd,8.581470050678341
seg_f165f6,2.472143640132959
seg_e2209b,4.772880825334035
seg_7fd6b7,8.326272924430283
seg_c747b4,4.508426609589364
seg_af2472,2.603656938754838
seg_6fc3ef,8.632642714082044
seg_15bf25,8.731716611669807
seg_b687fc,3.4058930738317073
seg_f5a6ab,7.832638405568884
seg_87a616,2.906261061869384
seg_500c80,7.349075421562045
seg_d47aba,2.4930764843178754
seg_655780,2.3187082768936826
seg_9f22a0,8.787943906063262
seg_6a4ad1,8.992593332984939
seg_8f3247,7.235664565357814
seg_902074,8.003642008210138
seg_76f1af,2.554694853628763
seg_fb11ba,6.706383592043855
seg_eb7595,4.456948500318643
seg_47a48f,8.081672430514795
seg_c747ad,9.841371287860818
seg_9fe8b9,7.097099184312791
seg_1c4e72,4.729558832592182
seg_d68930,9.871021614041718
seg_ab3f14,7.814871310645232
seg_c179f8,6.40266106769671
seg_ea9fa4,9.82972057465777
seg_f5a4ee,9.878893123154802
seg_a7e49b,8.36074260779305
seg_d21066,5.321271865235918
seg_bfdd14,3.0945872155607277
seg_974049,3.0477478448206474
seg_a39f3b,7.321195620126612
seg_4ad5a2,5.911336829690622
seg_0012b5,4.559304905539523
seg_92092a,5.305870057889936
seg_1b2298,7.941399385222555
seg_2367fb,7.6978106281166765
seg_b80b89,4.765930240442684
seg_ca9e39,4.391456971240646
seg_8f25b0,9.64540410175287
seg_580b65,6.896959088628154
seg_05f9d6,6.716192288019358
seg_eca2eb,4.480129443554282
seg_a1b3cc,4.411458704143191
seg_97e4a9,8.774377916384756
seg_d44589,4.00785802502312
seg_293dc2,2.643852719537739
seg_e10d3b,9.319390455681793
seg_11860f,6.057732338685199
seg_f2750c,5.316527412462729
seg_2700bd,4.099639266918145
seg_529c99,3.6847839122297423
seg_e051bc,4.423566110018005
seg_d36681,9.3051851928626
seg_32f3a9,4.958881717196351
seg_ad82ca,6.7055704368073945
seg_35dd45,9.92883545218018
seg_ca6d70,2.5081890007877132
seg_f96d0e,2.367816195811591
seg_b2b29d,7.87625354388358
seg_83f476,5.3821546600934855
seg_f95fd3,7.851731556326599
seg_8db6f0,6.980556319484658
seg_b9bdd7,3.2839952850670224
seg_49336f,3.3605706567893363
seg_e8a4f4,5.771435306605898
seg_232559,7.059510824824481
seg_67599b,6.473134135629952
seg_913ffc,5.77063807427577
seg_5e70a7,9.244129923115919
seg_e27c0a,3.3265733269682602
seg_ee4479,3.0800775800901676
seg_c571ef,5.813083668722906
seg_e405fe,2.548430394553259
seg_07fc6d,7.559301003753426
seg_b72413,6.922256218975802
seg_115617,3.6700734084857523
seg_996c37,10.433591216704793
seg_19515c,4.565049207670383
seg_0d13a7,5.123941067685654
seg_e96140,3.589376297752428
seg_ef660a,8.72247441974089
seg_cf0e43,4.667777440443629
seg_bcf6af,7.063457270634862
seg_3234ca,3.986846825467613
seg_d668c0,7.269706451918044
seg_f639ec,5.7979806313680315
seg_13468a,5.789816867237741
seg_e4f403,3.126084832135879
seg_d9750c,4.55023462183136
seg_2e917f,5.17130863262051
seg_46012e,8.278884297410153
seg_e41fc9,4.562543777905757
seg_fe2aac,3.561799769900527
seg_6b0107,5.021272743946548
seg_c3507f,5.236364343578063
seg_2f4f14,2.8458833737920632
seg_a1acb2,4.619836549449613
seg_3c4106,3.417628770212201
seg_c5f986,4.072028729830485
seg_a543e5,8.351375823014004
seg_4a719c,4.989075738442474
seg_5e7abf,2.6423582616646404
seg_5b7325,4.117312034844924
seg_8bc20c,2.036990268010933
seg_ca407b,5.3220352238110715
seg_9e8323,1.9200188162717688
seg_89eed6,2.9404078244491143
seg_0488a1,8.61587243153706
seg_ec4645,5.004759428082131
seg_32c904,8.754926903009547
seg_6b2ce0,5.919962866867407
seg_ada42c,3.225513577527102
seg_a61e1c,4.8312253332568655
seg_753190,8.411253844341926
seg_89b090,2.7601925956702105
seg_bb180c,3.4311025724317354
seg_2774c4,9.96268457843945
seg_66e45a,6.282928281288018
seg_ac9de5,3.5525546977287408
seg_bc07c8,2.1914740016386802
seg_b9365c,2.77678052013739
seg_878d2c,9.25248731530219
seg_a9b957,3.6263429502598137
seg_ce72e2,3.1159121817640703
seg_96dab2,8.98597884129632
seg_bb171f,7.4633054988048935
seg_e8ce6a,3.0406784793648574
seg_29022f,3.3229452653613714
seg_739643,8.417983955200784
seg_aba501,3.276904674275791
seg_b917b5,6.019371933104524
seg_514b85,10.123083120343773
seg_830cff,5.047147285835744
seg_3b30fd,8.93900451946207
seg_1144bc,9.302378828593985
seg_c3f672,9.621142260442248
seg_dff078,5.4062118146944345
seg_0b4b24,2.230446498495983
seg_259d65,3.594767227894274
seg_90b174,2.5001836640720647
seg_ed7dee,4.3187928043415065
seg_496dad,2.5372980601015147
seg_8e6a3f,6.990102680406791
seg_476bdb,2.7692135710620285
seg_9e962b,6.149413063801722
seg_727fc7,3.5831089985991635
seg_3ce740,8.765617386935743
seg_9b44d2,10.100595850832807
seg_b6254c,2.520023923610115
seg_cecd29,5.495161136481153
seg_d16534,7.542013563751732
seg_a99161,3.137829457598213
seg_b0d251,7.018520800804388
seg_34a2b8,4.567434413051434
seg_5ed47e,9.66276057013827
seg_8328f5,4.781529296183601
seg_be19e2,7.509111568952989
seg_a88097,10.325751477816645
seg_00184e,7.114868413048663
seg_0c3943,4.158396396056027
seg_62331a,2.7984910763153263
seg_0d540e,2.9379529750498463
seg_31a51f,2.6504866094989463
seg_2f1664,8.229755509799832
seg_6d35cd,2.6440432786333847
seg_ae9626,2.6444348456236955
seg_fa488e,2.8675419109505467
seg_496d07,4.268318099938699
seg_1c401b,6.154174977103943
seg_e65e69,3.6224917554395493
seg_72f40a,7.268795593801535
seg_545fda,8.764159204990664
seg_7862ed,3.3031531034566397
seg_9a8a1f,2.133969904638946
seg_a8ddf7,2.2149169201236756
seg_6ac67a,2.919925790816517
seg_98c544,3.7738445302436383
seg_ebe36c,4.114208668251095
seg_dbbb44,4.696663872752591
seg_919c5c,2.800381780918303
seg_ea098b,8.486581199749978
seg_13e25f,6.963077438935216
seg_63c9a3,5.85321596344117
seg_063865,6.966352716554162
seg_4ea3fa,7.464319577115351
seg_d6dad6,6.966240061874632
seg_30ad2a,2.1682824285809588
seg_8f4654,6.593673015533441
seg_c901c0,3.650017167761797
seg_de3d5e,2.906015818821888
seg_ab15ad,7.455891392820851
seg_153d6a,9.557256586737479
seg_d6b386,7.893784561334716
seg_287e60,3.012034889250233
seg_274a1a,6.075446077452744
seg_8826f4,2.5714646054597416
seg_d2551a,9.292935907800297
seg_4d7c56,3.4360382624900923
seg_edecaa,4.269524089441471
seg_60dacd,9.246243932466932
seg_97d9ed,8.270284306088154
seg_306756,8.342318576412051
seg_fbddb9,5.784844907900129
seg_5470ca,3.61667147920573
seg_8681aa,7.551509094840446
seg_a6e801,2.317212929295192
seg_d3f6b0,4.115284317930019
seg_67330f,4.696904973480608
seg_5f46a5,9.6411484986799
seg_64f8dc,4.253497125311214
seg_4db997,3.0707930587698575
seg_b695b3,3.337684347286998
seg_bd40f2,9.466216041511014
seg_226e60,8.816555701295412
seg_50b048,6.426351489438969
seg_490092,9.564248272800972
seg_158764,6.7898078477950214
seg_02042f,3.1944643199595446
seg_ac5c61,10.203925899233084
seg_0e7cc5,6.687125837536708
seg_4f83a3,8.416043756342297
seg_7f9b3a,5.170272939431276
seg_6b4e04,9.274266539648053
seg_afd665,4.486144467561483
seg_259dd3,8.743721398479554
seg_f24292,4.080375364336411
seg_14c8ce,6.467476563561266
seg_6f2222,2.4434651736940483
seg_f30f0c,8.397614629628858
seg_4f5931,9.35357617946845
seg_0445d7,4.9052625107903145
seg_55b566,2.560283269095992
seg_30fd84,9.317398800506012
seg_20a990,3.0419262512080705
seg_185ad6,8.163711231164351
seg_74dda9,7.889349056620174
seg_8ae847,5.0112112994899665
seg_23fe27,9.056032101974328
seg_7c0376,2.4135438503418696
seg_6a45a0,3.1787642206465154
seg_4a6096,2.280138800794612
seg_b13220,2.986035977328349
seg_b8725b,2.277104631282583
seg_944c98,2.71454274172661
seg_447972,2.9024235018470903
seg_5bd9ae,4.687770814280426
seg_25cca7,7.7787116165527355
seg_74537f,6.326558194940348
seg_f67ce2,2.5022073126095843
seg_c09a41,3.117680608203545
seg_2005a7,4.855689800775245
seg_f5e682,2.377637147775582
seg_7630c5,10.215069838744514
seg_53a557,3.239447060380742
seg_24e071,3.092241956070892
seg_f59974,8.459153091933029
seg_f0d278,2.3370257306470195
seg_8da61a,3.7307770370169266
seg_b9361a,5.103711183003886
seg_0620e6,7.122029527846338
